"ID","Description","GeneRatio","BgRatio","RichFactor","FoldEnrichment","zScore","pvalue","p.adjust","qvalue","geneID","Count"
"GO:0051276","chromosome organization","226/3142","463/10476",0.488120950323974,1.62748411062825,9.03900806148535,2.87815563403454e-18,1.41231096962075e-14,1.3584894592643e-14,"POLDIP2/CDC27/BAZ1B/NCAPD2/TACC3/HMGB3/RFC1/SPDL1/TPR/ARID1B/RAD51/NDC1/RNF4/PRKCQ/KDM4A/STAG3/NUP133/SMC1A/XRCC1/SMARCE1/ACTB/MLH1/SPAG5/SIRT6/XRCC5/NDC80/PDS5B/ATRX/CHMP5/CDC23/AAAS/BCL7C/CCNB1IP1/APEX1/MYBL2/CHMP4B/NAA10/MAPK3/RAB11A/NBN/DOT1L/CCNE1/RPA3/SMC3/RAD51C/KPNB1/SMARCD2/RANGRF/GAR1/ANAPC15/PTGES3/BCL7A/NUP107/FBXO5/PPP2R5D/SENP6/MSH3/NUP155/SMC4/INO80D/CCT4/MAD2L2/UCHL5/CDC20/CENPF/RPA2/SLF2/NAA50/KIF18A/PDS5A/SHLD2/ZWINT/CENPK/CDK2/H1-3/MAD2L1BP/XRCC3/HSPA2/POT1/KNSTRN/SGO1/MAU2/TUBG1/TOP2A/GCH1/SLX1A/RAN/PCNA/SLF1/CCNB1/APC/NAT10/ESPL1/CCT7/BRIP1/ACTL6A/SMC2/XPA/PPP2R1B/NUSAP1/CENPO/DNA2/SMARCAL1/HNRNPD/CENPE/NABP2/BRCA2/KATNB1/ESCO1/TP53/ANAPC11/P3H4/ITGB3BP/KIF2C/NUF2/PARP1/FANCD2/DYNC1LI1/NHP2/CDCA5/CCT6A/NCAPG2/MCPH1/EML3/INCENP/LTO1/CCT5/NCAPD3/FBXO4/PELO/CENPH/TTN/CCT8/AIFM1/NSMCE2/H4C8/MIS18A/RECQL4/RACGAP1/SYCE2/SMC6/CCT3/CIP2A/SGO2/TOPBP1/HMGB2/MAD2L1/PTTG1/RAD21/SUN1/ABRAXAS2/CENPN/PLK1/GOLGA2/CDT1/FEN1/CHTF8/NSMCE1/DFFB/BUB1/CENPX/NFRKB/EXOSC10/TRAPPC12/PPP1CA/DCP2/ZWILCH/BANF1/RMI2/RUVBL1/ANAPC2/RRS1/RCC1/NOP10/CEP97/SKA2/RUVBL2/CHEK2/KMT5A/H1-5/KNTC1/DRG1/PPP1CC/MCRS1/CENPP/SLX4/HMGB1/XRCC6/H4C3/H3C12/H4C11/BLM/H3C4/MCMBP/LDB1/ZNF830/CHAMP1/SMC5/PRC1/EHMT2/MSH5/ZBTB48/MZT1/LCMT1/NUP62/DDX12P/PHB2/PRKDC/CHMP4A/EID3/LSM14A/TEN1/H4C15/H4C12/H4C6/H3C11/UHRF1/H4C9/H4C5/H4C4/H3C7/H4C1/H4C2/H3C10/H3C2/H3C3",226
"GO:0000725","recombinational repair","100/3142","178/10476",0.561797752808989,1.87313598294938,7.68997799632436,2.22695355527746e-13,5.46383054787324e-10,5.2556103904548e-10,"RECQL/CREBBP/REV3L/MBTD1/BRCA1/RAD51/POLQ/NUCKS1/ZFYVE26/XRCC1/MCM2/ACTB/MCM6/SIRT6/XRCC5/PALB2/RAD54L/CDC7/MCM5/CSNK2A1/RBBP8/HTATSF1/NBN/MCM4/RPA3/RAD51C/C1QBP/TIMELESS/MCM3/RNF8/PSMD14/MAD2L2/RPA2/SLF2/EPC1/SHLD2/HROB/MCM8/XRCC3/HELB/YEATS4/SEM1/GINS2/SLX1A/FIGNL1/SLF1/EPC2/ACTL6A/ACTR2/ZGRF1/NABP2/BRCA2/INTS3/PARP1/MMS22L/GINS4/CHEK1/PPP4C/SFR1/NSMCE2/ANKLE1/UBQLN4/TONSL/RECQL4/MRNIP/SMC6/VPS72/PPP4R2/TOPBP1/CGAS/RAD21/POLL/MCM7/PLK1/HDGFL2/RFWD3/FEN1/NSMCE1/RHNO1/NABP1/RMI2/RUVBL1/UBE2N/DMAP1/FANCB/RUVBL2/KMT5A/PARPBP/FANCM/H2AX/SLX4/XRCC6/RAD54B/BLM/SMC5/ERCC6/AP5Z1/USP51/EID3/UHRF1",100
"GO:0006302","double-strand break repair","143/3142","286/10476",0.5,1.66709102482495,7.48670421817416,5.4998633163768e-13,8.99594309782031e-10,8.65311828443282e-10,"RECQL/CREBBP/MPND/REV3L/MBTD1/PPP5C/BRCA1/TDP1/ARID1B/RAD51/POLQ/HPF1/NUCKS1/CSNK2A2/ZFYVE26/XRCC1/MCM2/SMARCE1/ACTB/MCM6/MLH1/SIRT6/XRCC5/DDX1/PALB2/RAD54L/FH/CDC7/BCL7C/MCM5/CSNK2A1/RBBP8/POLA1/HTATSF1/NBN/MCM4/BABAM1/RPA3/RAD51C/C1QBP/SMARCD2/NSD2/PRPF19/BCL7A/FOXM1/TIMELESS/MCM3/RNF8/PSMD14/MAD2L2/RPA2/SLF2/EPC1/SHLD2/POLM/DEK/MCM8/XRCC3/HELB/YEATS4/SEM1/POT1/PARP2/GINS2/BRME1/SLX1A/FIGNL1/SLF1/EPC2/BRIP1/ACTL6A/ACTR2/DNA2/SMARCAL1/ZGRF1/NABP2/BRCA2/TP53/INTS3/PARP1/FANCD2/MMS22L/CDCA5/GINS4/CHEK1/PPP4C/XRCC4/EME1/SFR1/NSMCE2/BABAM2/ANKLE1/UBQLN4/TONSL/RECQL4/MRNIP/SMC6/VPS72/PPP4R2/TOPBP1/HMGB2/CGAS/RAD21/POLL/MCM7/PLK1/HDGFL2/NUDT16L1/RFWD3/FEN1/UBE2V2/NSMCE1/RHNO1/KDM2A/NABP1/RMI2/RUVBL1/UBE2N/DMAP1/FANCB/RUVBL2/CHEK2/KMT5A/PARPBP/NHEJ1/FANCM/H2AX/SLX4/HMGB1/XRCC6/RAD54B/BLM/EME2/SMC5/SPIRE2/ERCC6/AP5Z1/USP51/PRKDC/EID3/PPP4R3B/UHRF1/PAXX",143
"GO:0007059","chromosome segregation","162/3142","336/10476",0.482142857142857,1.60755205965263,7.40873075386202,7.95107987817073e-13,9.75398724054594e-10,9.38227425624146e-10,"POLDIP2/CDC27/BAZ1B/NCAPD2/BRCA1/TACC3/CENPQ/SPDL1/TPR/ARID1B/NDC1/RNF4/STAG3/CSNK2A2/RAD18/SMC1A/SMARCE1/NUP37/ACTB/MLH1/SPAG5/NDC80/CHMP5/AURKA/HAUS4/CDC23/AAAS/SRPK1/BCL7C/CENPM/CCNB1IP1/MYBL2/TUBB1/CSNK2A1/CHMP4B/FAM83D/RAB11A/ERCC2/CCNE1/SMC3/KPNB1/SMARCD2/RANGRF/ANAPC15/BCL7A/FBXO5/SENP6/NR3C1/SMC4/ECT2/TTL/ACTR3/MAD2L2/CDC20/CENPF/CENPL/KIF18A/GPSM2/ZWINT/CENPK/STIL/MAD2L1BP/XRCC3/TUBGCP3/TUBGCP6/KNSTRN/SGO1/MAU2/CEP85/TUBG1/TOP2A/RAN/CCNB1/ARL8B/APC/ESPL1/SETDB2/BRIP1/ACTL6A/SMC2/PPP2R1B/NUSAP1/HAUS2/TUBGCP4/ACTR2/CENPO/CENPE/KATNB1/ANAPC11/P3H4/ITGB3BP/KIF2C/NUF2/FANCD2/DYNC1LI1/CDCA5/NCAPG2/HAUS6/MKI67/EML3/INCENP/DSN1/NCAPD3/CENPU/HAUS1/CENPH/TTN/NSMCE2/MIS18A/RACGAP1/SYCE2/SMC6/SGO2/MAD2L1/PTTG1/RAD21/SUN1/DCAF13/ABRAXAS2/CENPN/CIAO2B/CIAO2A/PLK1/GOLGA2/CDT1/DDB1/SAC3D1/BUB1/CENPX/TRAPPC12/ZWILCH/CENPS/PPP2R2D/RMI2/ANAPC2/RRS1/RCC2/RCC1/CEP97/SKA2/CHEK2/KMT5A/KNTC1/DRG1/CENATAC/PPP1CC/CENPP/PLSCR1/TLK1/CHAMP1/SMC5/PRC1/EHMT2/MSH5/MZT1/LCMT1/NUP62/PPP2R2A/HAUS5/CHMP4A/LSM14A/UHRF1",162
"GO:0006260","DNA replication","121/3142","235/10476",0.514893617021277,1.71674905535165,7.27343447413411,2.74549559252868e-12,2.69442937450764e-09,2.59174783934707e-09,"RECQL/REV3L/BRCA1/POLA2/RTF2/RFC1/JADE2/RFC2/RAD51/POLQ/POLD1/WDR18/NUCKS1/MCM2/TIPIN/MCM6/POLD3/ATRX/ORC1/SUPT16H/CDC7/MCM5/POLE2/PTK6/POLI/RBBP8/POLA1/RBBP7/NBN/MCM4/RNASEH2A/CCNE1/LIG1/RPA3/SMC3/GLI1/CDK2AP1/RFC5/TIMELESS/FBXO5/MCM3/GMNN/BCL6/INO80D/ORC4/UCHL5/RPA2/SET/PDS5A/CDK2/TTF1/MCM8/HELB/CHTF18/DUT/PCNA/RFC3/USP37/ACTL6A/DNA2/SMARCAL1/BARD1/BRCA2/ESCO1/TP53/PARP1/CCNA2/PRIM2/MMS22L/SSRP1/CHEK1/TBRG1/EME1/DONSON/TONSL/RECQL4/DBF4B/RBBP4/S100A11/TOPBP1/RFC4/PRIMPOL/POLL/WEE1/MCM7/FAM111A/RRM1/CDT1/CHAF1A/TK1/RFWD3/FEN1/CHTF8/CENPX/NFRKB/SLFN11/KCTD13/CENPS/POLD4/RMI2/RUVBL1/ATAD5/POLE/ZBTB38/GINS3/RUVBL2/TRAIP/MCRS1/FANCM/SLX4/BLM/MCMBP/EME2/PRIM1/WDHD1/BAZ1A/ZNF830/EHMT2/NT5M/TREX1/POLG2",121
"GO:0000724","double-strand break repair via homologous recombination","95/3142","172/10476",0.552325581395349,1.84155403905082,7.283715273806,3.4433185149898e-12,2.81606065884249e-09,2.70874389845864e-09,"RECQL/CREBBP/REV3L/MBTD1/BRCA1/RAD51/POLQ/NUCKS1/ZFYVE26/XRCC1/MCM2/ACTB/MCM6/SIRT6/PALB2/RAD54L/CDC7/MCM5/CSNK2A1/RBBP8/HTATSF1/NBN/MCM4/RPA3/RAD51C/C1QBP/TIMELESS/MCM3/RNF8/PSMD14/MAD2L2/RPA2/SLF2/EPC1/SHLD2/MCM8/XRCC3/HELB/YEATS4/SEM1/GINS2/SLX1A/FIGNL1/SLF1/EPC2/ACTL6A/ACTR2/NABP2/BRCA2/INTS3/PARP1/MMS22L/GINS4/CHEK1/PPP4C/SFR1/NSMCE2/ANKLE1/UBQLN4/TONSL/RECQL4/MRNIP/SMC6/VPS72/PPP4R2/TOPBP1/CGAS/RAD21/POLL/MCM7/PLK1/HDGFL2/RFWD3/FEN1/NSMCE1/NABP1/RMI2/RUVBL1/UBE2N/DMAP1/FANCB/RUVBL2/KMT5A/PARPBP/FANCM/H2AX/SLX4/RAD54B/BLM/SMC5/ERCC6/AP5Z1/USP51/EID3/UHRF1",95
"GO:0006310","DNA recombination","142/3142","293/10476",0.484641638225256,1.61588345068357,6.99848644913844,1.3225737952372e-11,9.27124230461277e-09,8.91792616217084e-09,"RECQL/CREBBP/REV3L/MBTD1/BRCA1/HMGB3/RAD51/POLQ/NUCKS1/TCF3/ZFYVE26/XRCC1/MCM2/TBX21/ACTB/MCM6/MLH1/UNG/SIRT6/XRCC5/PALB2/RAD54L/CDC7/MCM5/CCNB1IP1/APEX1/CSNK2A1/RBBP8/HTATSF1/NBN/MCM4/ERCC2/TGFB1/RPA3/RAD51C/C1QBP/NSD2/TIMELESS/MCM3/RNF8/MSH3/BCL6/INO80D/PSMD14/MSH6/MAD2L2/UCHL5/RPA2/SLF2/EPC1/SHLD2/PMS2/POLM/H1-3/HROB/MCM8/XRCC3/HELB/YEATS4/SEM1/GINS2/TOP2A/BRME1/SLX1A/FIGNL1/SLF1/SWAP70/EPC2/BRIP1/ACTL6A/ACTR2/BARD1/ZGRF1/NABP2/BRCA2/INTS3/PARP1/FANCD2/MMS22L/GINS4/CHEK1/PPP4C/XRCC4/EME1/SFR1/NSMCE2/ANKLE1/UBQLN4/TONSL/RECQL4/MRNIP/SMC6/VPS72/PPP4R2/TOPBP1/HMGB2/CGAS/RAD21/POLL/MCM7/PLK1/HDGFL2/RFWD3/FEN1/APEX2/NSMCE1/CENPX/NFRKB/RHNO1/NABP1/CENPS/RMI2/RUVBL1/ATAD5/CNTD1/UBE2N/DMAP1/FANCB/RUVBL2/KMT5A/H1-5/PARPBP/NHEJ1/MCRS1/FANCM/H2AX/SLX4/HMGB1/XRCC6/RAD54B/BLM/EME2/SMC5/MSH5/TSN/TREX1/ERCC6/AP5Z1/USP51/PRKDC/EID3/UHRF1",142
"GO:0000075","cell cycle checkpoint signaling","87/3142","158/10476",0.550632911392405,1.83591036911102,6.92947205299818,3.50089998973515e-11,2.1473645312038e-08,2.06553099394374e-08,"BRCA1/SPDL1/TPR/RAD51/TIPIN/NDC80/CDC14B/ORC1/WDR76/WAC/CDC5L/TELO2/TTI1/E2F1/RBBP8/NBN/DOT1L/BABAM1/PRPF19/ANAPC15/TIMELESS/CCNG1/ATF2/FBXO6/MAD2L2/CDC20/CENPF/RPA2/ZWINT/CDK2/MAD2L1BP/XRCC3/EIF2AK4/TTI2/CCNB1/CLOCK/APC/TAOK3/BRIP1/MDC1/DNA2/BARD1/NABP2/BRCA2/MBTPS1/TP53/TIPRL/NUF2/INTS7/INTS3/FANCD2/DYNC1LI1/DGKZ/INCENP/CHEK1/RAD9B/FBXO4/EME1/BABAM2/CCAR2/DONSON/BRSK1/TAOK1/MRNIP/TOPBP1/MAD2L1/PLK1/CDT1/RFWD3/BUB1/RHNO1/NABP1/ZWILCH/PTPN11/CHEK2/KNTC1/FOXO4/PABIR1/H2AX/BLM/EME2/ZNF830/GIGYF2/LCMT1/TREX1/ERCC6/PRKDC",87
"GO:0006261","DNA-templated DNA replication","78/3142","137/10476",0.569343065693431,1.89829342972768,6.92705909224269,4.0146423829465e-11,2.18887224145761e-08,2.1054568941675e-08,"RECQL/REV3L/BRCA1/POLA2/RTF2/RFC1/RFC2/RAD51/POLQ/POLD1/WDR18/NUCKS1/MCM2/TIPIN/MCM6/POLD3/ATRX/ORC1/CDC7/MCM5/POLE2/RBBP8/POLA1/NBN/MCM4/CCNE1/LIG1/CDK2AP1/RFC5/TIMELESS/FBXO5/MCM3/GMNN/BCL6/ORC4/CDK2/MCM8/HELB/PCNA/RFC3/DNA2/SMARCAL1/BARD1/BRCA2/PARP1/PRIM2/MMS22L/EME1/DONSON/TONSL/DBF4B/TOPBP1/RFC4/PRIMPOL/MCM7/FAM111A/RRM1/CDT1/TK1/RFWD3/FEN1/CENPX/SLFN11/CENPS/POLD4/ATAD5/POLE/GINS3/TRAIP/FANCM/BLM/MCMBP/EME2/PRIM1/WDHD1/BAZ1A/ZNF830/POLG2",78
"GO:0044770","cell cycle phase transition","185/3142","426/10476",0.434272300469484,1.44794290888552,6.17808797022391,1.43962365691775e-09,7.0642332844954e-07,6.79502366065179e-07,"CDC27/KMT2E/PKD1/BRCA1/TACC3/PIAS1/SPDL1/TPR/ARID1B/RAD51/BCAT1/TCF3/SMARCE1/TIPIN/ACTB/UBE2A/DNM2/RBL1/NDC80/CDC14B/ZNF324/ORC1/AURKA/PSME1/WDR76/CDC23/WAC/CDC5L/CDC7/BCL7C/CDKN3/TELO2/PSME2/TTI1/E2F1/CHMP4B/FAM83D/RBBP8/RAB11A/NBN/ERCC2/DOT1L/CCNE1/TGFB1/BABAM1/RAD51C/SMARCD2/PRPF19/ANAPC15/BCL7A/GLI1/FOXM1/TIMELESS/PTPN6/FBXO5/CCNG1/ATF2/FBXO6/MAD2L2/MIIP/CDC20/CENPF/RPA2/CCND2/CPSF3/KHDRBS1/ZWINT/CDK2/STIL/CKS2/USP22/MAD2L1BP/XRCC3/HSPA2/EIF2AK4/ARPP19/TTI2/CCNB1/CLOCK/APC/TAOK3/CDK4/ESPL1/MDM2/USP37/BRIP1/ACTL6A/TMEM14B/MDC1/RDX/DNA2/BARD1/TMOD3/CENPE/NABP2/BRCA2/MBTPS1/TP53/ANAPC11/AKT1/TIPRL/NUF2/INTS7/INTS3/CALM2/FANCD2/DYNC1LI1/CTDSPL/CCNA2/CDCA5/TAF1/DGKZ/INCENP/CHEK1/RAD9B/EIF4E/EPS8/FBXO4/CACUL1/EME1/LSM11/NSMCE2/APPL1/BABAM2/CCAR2/DONSON/CALM3/BRSK1/TAOK1/MRNIP/DBF4B/CCNF/TOPBP1/MAD2L1/RAD21/APBB1/WEE1/PLK1/RRM1/CDT1/DDB1/RFWD3/BUB1/AVEN/WNT10B/USP50/PLRG1/RHNO1/RRM2/MTBP/SLFN11/CKS1B/NABP1/ZWILCH/PPP2R2D/CCDC57/ATAD5/ANAPC2/POLE/RCC2/PTPN11/RCC1/LSM10/CHEK2/KNTC1/FOXO4/UBE2L3/EIF4EBP1/PABIR1/H2AX/BLM/EME2/DDRGK1/TFDP1/ZNF830/SMC5/GIGYF2/AIF1/TMSB4X/LCMT1/TREX1/MBLAC1/PHB2/ERCC6/PRKDC",185
"GO:1901987","regulation of cell cycle phase transition","154/3142","344/10476",0.447674418604651,1.49262801059909,6.08079533115345,2.87913006908556e-09,1.28435374990935e-06,1.23540853873489e-06,"KMT2E/PKD1/BRCA1/SPDL1/TPR/ARID1B/RAD51/TCF3/SMARCE1/TIPIN/ACTB/RBL1/NDC80/CDC14B/ORC1/AURKA/PSME1/WDR76/CDC23/WAC/CDC5L/CDC7/BCL7C/TELO2/PSME2/TTI1/E2F1/FAM83D/RBBP8/RAB11A/NBN/ERCC2/DOT1L/CCNE1/TGFB1/BABAM1/RAD51C/SMARCD2/PRPF19/ANAPC15/BCL7A/GLI1/TIMELESS/PTPN6/FBXO5/CCNG1/ATF2/FBXO6/MAD2L2/MIIP/CDC20/CENPF/RPA2/CCND2/CPSF3/ZWINT/CDK2/STIL/MAD2L1BP/XRCC3/HSPA2/EIF2AK4/TTI2/CCNB1/CLOCK/APC/TAOK3/CDK4/ESPL1/MDM2/BRIP1/ACTL6A/TMEM14B/MDC1/RDX/DNA2/BARD1/TMOD3/CENPE/NABP2/BRCA2/MBTPS1/TP53/ANAPC11/AKT1/TIPRL/NUF2/INTS7/INTS3/FANCD2/DYNC1LI1/CTDSPL/CDCA5/TAF1/DGKZ/INCENP/CHEK1/RAD9B/FBXO4/EME1/LSM11/NSMCE2/APPL1/BABAM2/CCAR2/DONSON/BRSK1/TAOK1/MRNIP/DBF4B/TOPBP1/MAD2L1/RAD21/APBB1/WEE1/PLK1/RRM1/CDT1/DDB1/RFWD3/BUB1/AVEN/WNT10B/USP50/PLRG1/RHNO1/RRM2/MTBP/SLFN11/NABP1/ZWILCH/ATAD5/RCC2/PTPN11/LSM10/CHEK2/KNTC1/FOXO4/PABIR1/H2AX/BLM/EME2/DDRGK1/TFDP1/ZNF830/GIGYF2/AIF1/TMSB4X/LCMT1/TREX1/MBLAC1/PHB2/ERCC6/PRKDC",154
"GO:0098813","nuclear chromosome segregation","113/3142","238/10476",0.474789915966387,1.58303601516991,5.95505740087278,7.36515266031124e-09,3.01173367534561e-06,2.89696004638909e-06,"POLDIP2/CDC27/BAZ1B/NCAPD2/TACC3/CENPQ/SPDL1/TPR/ARID1B/NDC1/STAG3/SMC1A/SMARCE1/ACTB/MLH1/SPAG5/NDC80/CHMP5/AURKA/CDC23/AAAS/BCL7C/CCNB1IP1/MYBL2/CHMP4B/FAM83D/RAB11A/CCNE1/SMC3/KPNB1/SMARCD2/RANGRF/ANAPC15/BCL7A/FBXO5/SMC4/ECT2/TTL/ACTR3/MAD2L2/CDC20/CENPF/KIF18A/ZWINT/CENPK/MAD2L1BP/XRCC3/KNSTRN/SGO1/TUBG1/TOP2A/RAN/CCNB1/APC/ESPL1/BRIP1/ACTL6A/SMC2/NUSAP1/ACTR2/CENPE/KATNB1/ANAPC11/P3H4/KIF2C/NUF2/FANCD2/DYNC1LI1/CDCA5/NCAPG2/EML3/INCENP/DSN1/NCAPD3/TTN/NSMCE2/RACGAP1/SYCE2/MAD2L1/PTTG1/RAD21/SUN1/DCAF13/ABRAXAS2/PLK1/GOLGA2/CDT1/DDB1/BUB1/TRAPPC12/ZWILCH/RMI2/ANAPC2/RRS1/RCC2/RCC1/CEP97/SKA2/CHEK2/KMT5A/KNTC1/DRG1/PPP1CC/CHAMP1/PRC1/EHMT2/MSH5/MZT1/LCMT1/NUP62/CHMP4A/LSM14A/UHRF1",113
"GO:0051301","cell division","201/3142","480/10476",0.41875,1.3961887332909,5.81593132033219,1.02768082772687e-08,3.87909986281212e-06,3.73127192836218e-06,"POLDIP2/CDC27/CCDC124/NCAPD2/TACC3/SPDL1/TPR/MAP4/INTS13/GNAI3/PKN2/YBX1/EXOC5/ZFYVE26/SMC1A/TSG101/TIPIN/NUP37/SPAG5/NDC80/CDC14B/CCNT2/PDS5B/CHMP5/AURKA/RAB11FIP3/ZC3HC1/HAUS4/CDC23/EFHC1/CDC7/OSM/MYH9/CHMP4B/FAM83D/RBBP8/PARD6A/CCP110/RAB11A/CSPP1/ERCC2/CCNE1/TGFB1/BABAM1/LIG1/WASL/SMC3/ANAPC15/TIMELESS/CDCA3/FBXO5/RNF8/VEGFA/CCNG1/NR3C1/CSNK1A1/SMC4/ECT2/GNAI2/ACTR3/ORC4/PARD3B/MAD2L2/CDC20/DR1/STMN1/CENPF/CCND2/ITGB1BP1/HELLS/PDS5A/GPSM2/SEPTIN7/ZWINT/CIT/CDK2/TUBA1B/CKS2/PARD6B/KNSTRN/ARPP19/MIS18BP1/SGO1/MAU2/ATXN10/TOP2A/RAN/LRRCC1/CCNB1/ARL8B/APC/CDK4/ESPL1/USP37/NEK3/CKAP2/BORA/SETDB2/BRIP1/SMC2/DCTN3/NUSAP1/HAUS2/ACTR2/KIF20B/SEPTIN11/CENPE/NEDD1/BRCA2/IGF1R/IQGAP1/KATNB1/CLTC/ANAPC11/ITGB3BP/KIF2C/NUF2/HDGF/JTB/CALM2/PKP4/DYNC1LI1/CCNA2/CDCA5/NCAPG2/CETN2/HAUS6/NOTCH1/EML3/INCENP/DSN1/NCAPD3/HAUS1/PELO/NSMCE2/BABAM2/MIS18A/CALM3/RACGAP1/SYCE2/CCNF/SGO2/YEATS2/MAD2L1/SEPTIN8/PTTG1/RAD21/DYNLT3/ARF6/ABRAXAS2/ENTR1/WEE1/PLK1/GOLGA2/CDT1/TUBA1C/SAC3D1/REEP4/USP39/BUB1/CENPX/CNTROB/TADA3/TPPP/BCL2L1/PPP1CA/CFL1/CKS1B/ZWILCH/CKAP5/CENPS/PPP2R2D/RUVBL1/SSNA1/ANAPC2/CDC26/SGF29/RCC2/RCC1/SKA2/CHEK2/KMT5A/KNTC1/LMLN/PTCH1/PPP1CC/NAP1L2/KATNA1/WDR5/BLM/MCMBP/ZNF830/SMC5/PRC1/SPIRE2/NUP62/MICAL3/HAUS5/CHMP4A/TXNIP/AATF",201
"GO:0031570","DNA integrity checkpoint signaling","62/3142","112/10476",0.553571428571429,1.84570792034191,5.88945842655905,1.75009310089797e-08,6.1340763186474e-06,5.90031388302746e-06,"BRCA1/RAD51/TIPIN/CDC14B/ORC1/WDR76/WAC/CDC5L/TELO2/TTI1/E2F1/NBN/DOT1L/BABAM1/PRPF19/TIMELESS/CCNG1/ATF2/FBXO6/RPA2/CDK2/EIF2AK4/TTI2/CLOCK/TAOK3/BRIP1/MDC1/DNA2/BARD1/BRCA2/MBTPS1/TP53/TIPRL/INTS7/FANCD2/DGKZ/CHEK1/RAD9B/FBXO4/EME1/BABAM2/CCAR2/DONSON/BRSK1/TAOK1/MRNIP/TOPBP1/PLK1/CDT1/RFWD3/RHNO1/PTPN11/CHEK2/FOXO4/H2AX/BLM/EME2/ZNF830/GIGYF2/TREX1/ERCC6/PRKDC",62
"GO:0000280","nuclear division","134/3142","299/10476",0.448160535117057,1.49424881154879,5.67519768486146,2.86620022117611e-08,9.37629632354078e-06,9.01897669596749e-06,"POLDIP2/BAZ1B/NCAPD2/SPDL1/TPR/RAD51/NDC1/STAG3/SMC1A/MLH1/SPAG5/NDC80/CDC14B/RAD54L/CHMP5/AURKA/CDC23/AAAS/RANBP1/PRMT5/CCNB1IP1/MYBL2/CHMP4B/RAB11A/CCNE1/TGFB1/SMC3/RAD51C/KPNB1/RANGRF/ANAPC15/FBXO5/SMC4/ACTR3/ORC4/MAD2L2/CDC20/CENPF/KIF18A/ZWINT/CENPK/CKS2/MAD2L1BP/XRCC3/HSPA2/KNSTRN/SGO1/CEP85/TUBG1/TOP2A/BRME1/RAN/FIGNL1/CCNB1/APC/ESPL1/BORA/BRIP1/SMC2/NUSAP1/ACTR2/KIF20B/CENPE/BRCA2/KATNB1/ANAPC11/P3H4/KIF2C/NUF2/FANCD2/DYNC1LI1/CDCA5/NCAPG2/MKI67/EML3/INCENP/CHEK1/EPS8/NCAPD3/EME1/TTN/NSMCE2/ANKLE1/RACGAP1/SYCE2/MAD2L1/PTTG1/RAD21/SUN1/DCAF13/ABRAXAS2/PLK1/GOLGA2/CDT1/DDB1/REEP4/BUB1/CENPX/MTBP/ZWILCH/CENPS/BANF1/PPP2R2D/AURKAIP1/CNTD1/RRS1/RCC1/TDRKH/CEP97/SKA2/CHEK2/KMT5A/KNTC1/L3MBTL1/PSMD13/DRG1/PPP1CC/FANCA/FANCM/SLX4/RAD54B/EME2/CHAMP1/PRC1/EHMT2/MSH5/MZT1/SPIRE2/LCMT1/NUP62/PHB2/CHMP4A/LSM14A/UHRF1",134
"GO:0007093","mitotic cell cycle checkpoint signaling","62/3142","114/10476",0.543859649122807,1.81332707963416,5.71485896916168,4.28249640192406e-08,1.27590889314789e-05,1.22728550553456e-05,"BRCA1/SPDL1/TPR/TIPIN/NDC80/CDC14B/ORC1/WAC/RBBP8/NBN/BABAM1/ANAPC15/CCNG1/ATF2/MAD2L2/CDC20/CENPF/RPA2/ZWINT/CDK2/MAD2L1BP/XRCC3/CCNB1/APC/TAOK3/MDC1/BARD1/NABP2/MBTPS1/TP53/NUF2/INTS3/FANCD2/DYNC1LI1/DGKZ/INCENP/CHEK1/RAD9B/EME1/BABAM2/DONSON/BRSK1/TAOK1/MRNIP/TOPBP1/MAD2L1/PLK1/RFWD3/BUB1/NABP1/ZWILCH/CHEK2/KNTC1/FOXO4/PABIR1/BLM/EME2/ZNF830/GIGYF2/LCMT1/TREX1/PRKDC",62
"GO:0010948","negative regulation of cell cycle process","108/3142","231/10476",0.467532467532468,1.55883836087528,5.62141789811862,4.42030796484903e-08,1.27590889314789e-05,1.22728550553456e-05,"BAZ1B/BRCA1/SPDL1/TPR/RAD51/TIPIN/RBL1/NDC80/CDC14B/ATRX/ORC1/WDR76/WAC/CDC5L/TELO2/TTI1/E2F1/RBBP8/NAA10/NUBP1/NBN/DOT1L/BABAM1/TRIM37/PRPF19/ANAPC15/TIMELESS/FBXO5/CCNG1/BCL6/ATF2/FBXO6/MAD2L2/MIIP/CDC20/CENPF/RPA2/ZWINT/CDK2/MAD2L1BP/XRCC3/EIF2AK4/TTI2/CCNB1/CLOCK/APC/TAOK3/ESPL1/BRIP1/MDC1/DNA2/BARD1/NABP2/BRCA2/MBTPS1/TP53/TIPRL/NUF2/INTS7/INTS3/FANCD2/DYNC1LI1/CTDSPL/DGKZ/INCENP/CHEK1/RAD9B/FBXO4/EME1/BABAM2/CCAR2/DONSON/BRSK1/TAOK1/MRNIP/CCNF/TOPBP1/MAD2L1/RAD21/APBB1/WEE1/PLK1/CDT1/RFWD3/BUB1/AVEN/RHNO1/MTBP/SLFN11/NABP1/ZWILCH/AURKAIP1/PTPN11/CHEK2/KNTC1/FOXO4/CENATAC/PABIR1/H2AX/BLM/EME2/ZNF830/GIGYF2/TMSB4X/LCMT1/TREX1/ERCC6/PRKDC",108
"GO:0007346","regulation of mitotic cell cycle","161/3142","377/10476",0.427055702917772,1.42388145886906,5.4863759339212,6.75610975171112e-08,1.84179058620258e-05,1.77160211267092e-05,"POLDIP2/CDC27/KMT2E/PKD1/BRCA1/SPDL1/TPR/ARID1B/INTS13/PKN2/TCF3/SMARCE1/TIPIN/ACTB/RBL1/NDC80/CDC14B/ORC1/AURKA/ZNF268/PSME1/CDC23/WAC/CDC7/BCL7C/TTLL12/PRMT5/PSME2/E2F1/RBBP8/RAB11A/NBN/ERCC2/CCNE1/TGFB1/BABAM1/RPA3/RAD51C/SMARCD2/YWHAE/ANAPC15/BCL7A/PTPN6/FBXO5/GMNN/CCNG1/BCL6/HES1/TTL/ATF2/MAD2L2/MIIP/CDC20/CENPF/RPA2/CCND2/CPSF3/ZWINT/CDK2/STIL/CKS2/USP22/MAD2L1BP/XRCC3/HSPA2/CCNB1/APC/TAOK3/CDK4/ESPL1/MDM2/BORA/ACTL6A/PIM1/TMEM14B/MDC1/RDX/NUSAP1/KIF20B/BARD1/TMOD3/CENPE/NABP2/BRCA2/IQGAP1/MBTPS1/TP53/ANAPC11/AKT1/NUF2/INTS3/FANCD2/DYNC1LI1/CTDSPL/CDCA5/MKI67/DGKZ/INCENP/CHEK1/RAD9B/EIF4E/EME1/LSM11/NSMCE2/APPL1/BABAM2/DONSON/BRSK1/TAOK1/MRNIP/DBF4B/TOPBP1/MAD2L1/RAD21/DYNLT3/WEE1/PLK1/RRM1/DDB1/RFWD3/BUB1/AVEN/WNT10B/PLRG1/RRM2/MTBP/SLFN11/CKS1B/NABP1/STAT5B/ZWILCH/AURKAIP1/CCDC57/ATAD5/ANAPC2/CDC26/RCC2/PTPN11/RCC1/SCRIB/LSM10/CHEK2/KNTC1/FOXO4/L3MBTL1/PTCH1/EIF4EBP1/PABIR1/BLM/EME2/TFDP1/ZNF830/GIGYF2/AIF1/LCMT1/NUP62/TREX1/MBLAC1/PHB2/PRKDC/AATF",161
"GO:0009152","purine ribonucleotide biosynthetic process","68/3142","130/10476",0.523076923076923,1.74403368750918,5.58711604706391,7.52522454805162e-08,1.90208938728395e-05,1.82960299734669e-05,"AK2/NDUFAB1/ADSS2/NDUFB4/COASY/ENO1/ATP5F1D/NDUFB7/MTHFD1/TGFB1/IMPDH1/PRKAG2/ATP5F1B/ATP6V1A/ATP5PB/NDUFB3/NDUFA8/ATP5F1E/NDUFA1/PAICS/PPAT/NDUFB5/ATIC/NDUFB10/SDHC/PARP1/NDUFS6/NDUFB11/AK3/ALDOA/ATPSCKMT/NDUFC2/ATP5F1A/AK5/ATP5MC3/ATP5PF/GART/ATP5MC1/NDUFV3/ADCY9/GMPS/NDUFS4/NUDT2/NDUFB6/STOML2/ATP5F1C/HPRT1/NDUFB8/ATP5PD/NDUFS5/ATP5ME/ATP5MK/NDUFA11/DNAJC30/PFAS/NME9/NDUFA12/NDUFA6/NDUFA13/MT-ND4/SDHD/TMSB4X/NME1/ADSL/ATP5MF/ATP5PO/NME2/NDUFA7",68
"GO:1901988","negative regulation of cell cycle phase transition","97/3142","204/10476",0.475490196078431,1.58537087654922,5.52622220117916,7.75255507350294e-08,1.90208938728395e-05,1.82960299734669e-05,"BRCA1/SPDL1/TPR/RAD51/TIPIN/RBL1/NDC80/CDC14B/ORC1/WDR76/WAC/CDC5L/TELO2/TTI1/E2F1/RBBP8/NBN/DOT1L/BABAM1/PRPF19/ANAPC15/TIMELESS/FBXO5/CCNG1/ATF2/FBXO6/MAD2L2/MIIP/CDC20/CENPF/RPA2/ZWINT/CDK2/MAD2L1BP/XRCC3/EIF2AK4/TTI2/CCNB1/CLOCK/APC/TAOK3/BRIP1/MDC1/DNA2/BARD1/NABP2/BRCA2/MBTPS1/TP53/TIPRL/NUF2/INTS7/INTS3/FANCD2/DYNC1LI1/CTDSPL/DGKZ/INCENP/CHEK1/RAD9B/FBXO4/EME1/BABAM2/CCAR2/DONSON/BRSK1/TAOK1/MRNIP/TOPBP1/MAD2L1/RAD21/APBB1/WEE1/PLK1/CDT1/RFWD3/BUB1/AVEN/RHNO1/SLFN11/NABP1/ZWILCH/PTPN11/CHEK2/KNTC1/FOXO4/PABIR1/H2AX/BLM/EME2/ZNF830/GIGYF2/TMSB4X/LCMT1/TREX1/ERCC6/PRKDC",97
"GO:0000077","DNA damage checkpoint signaling","58/3142","106/10476",0.547169811320755,1.82436376301599,5.58331461698173,8.74156599732569e-08,2.04261258804177e-05,1.96477102416082e-05,"BRCA1/RAD51/TIPIN/CDC14B/WDR76/WAC/CDC5L/TELO2/TTI1/E2F1/NBN/DOT1L/BABAM1/PRPF19/CCNG1/ATF2/FBXO6/RPA2/CDK2/EIF2AK4/TTI2/CLOCK/TAOK3/BRIP1/MDC1/BARD1/BRCA2/MBTPS1/TP53/TIPRL/INTS7/FANCD2/DGKZ/CHEK1/RAD9B/FBXO4/EME1/BABAM2/CCAR2/DONSON/BRSK1/TAOK1/MRNIP/TOPBP1/PLK1/RFWD3/RHNO1/PTPN11/CHEK2/FOXO4/H2AX/BLM/EME2/ZNF830/GIGYF2/TREX1/ERCC6/PRKDC",58
"GO:0032200","telomere organization","86/3142","176/10476",0.488636363636364,1.62920259244257,5.50982592612659,9.19954128193778e-08,2.05191586683949e-05,1.97371976594302e-05,"RFC1/RAD51/PRKCQ/XRCC1/SIRT6/XRCC5/ATRX/APEX1/MAPK3/NBN/DOT1L/CCNE1/RPA3/RAD51C/GAR1/PTGES3/INO80D/CCT4/MAD2L2/UCHL5/RPA2/SLF2/SHLD2/CDK2/XRCC3/POT1/GCH1/SLX1A/PCNA/SLF1/NAT10/CCT7/ACTL6A/DNA2/SMARCAL1/HNRNPD/NABP2/BRCA2/TP53/PARP1/NHP2/CCT6A/LTO1/CCT5/FBXO4/CCT8/NSMCE2/H4C8/RECQL4/SMC6/CCT3/FEN1/NSMCE1/NFRKB/EXOSC10/PPP1CA/DCP2/RUVBL1/NOP10/RUVBL2/MCRS1/SLX4/XRCC6/H4C3/H3C12/H4C11/BLM/H3C4/SMC5/ZBTB48/PRKDC/EID3/TEN1/H4C15/H4C12/H4C6/H3C11/H4C9/H4C5/H4C4/H3C7/H4C1/H4C2/H3C10/H3C2/H3C3",86
"GO:0072522","purine-containing compound biosynthetic process","97/3142","207/10476",0.468599033816425,1.56239448703401,5.34899022132506,1.86542973751974e-07,3.97985379217798e-05,3.82818624395355e-05,"AK2/NDUFAB1/ELOVL5/ADSS2/NDUFB4/ELOVL1/COASY/ACSL4/ENO1/ACAT1/ACOT7/ATP5F1D/NDUFB7/MTAP/MTHFD1/PRPS2/PGK1/MLYCD/TGFB1/IMPDH1/PRKAG2/ATP5F1B/ATP6V1A/DGUOK/ATP5PB/NDUFB3/NDUFA8/ATP5F1E/NDUFA1/PAICS/PPAT/ACSS2/PPT1/ACLY/NDUFB5/ATIC/PPCDC/NDUFB10/SDHC/PARP1/NDUFS6/MMUT/NDUFB11/AK3/HSD17B12/ALDOA/ATPSCKMT/DLAT/NDUFC2/ACSL1/ATP5F1A/AK5/ATP5MC3/ATP5PF/GART/ATP5MC1/NDUFV3/DIP2A/ADCY9/GMPS/MTHFD2L/NDUFS4/NUDT2/NDUFB6/STOML2/ATP5F1C/HPRT1/NDUFB8/ATP5PD/PDHB/NDUFS5/ATP5ME/PGM2/ELOVL6/DCAKD/ATP5MK/NDUFA11/DNAJC30/ACSF3/SHMT1/PFAS/NME9/NDUFA12/NDUFA6/NDUFA13/PNP/MT-ND4/SDHD/ASPDH/TMSB4X/HACD2/NME1/ADSL/ATP5MF/ATP5PO/NME2/NDUFA7",97
"GO:0044772","mitotic cell cycle phase transition","146/3142","341/10476",0.428152492668622,1.42753835556858,5.25351587367184,2.30415247295686e-07,4.71103174366638e-05,4.53149986348182e-05,"CDC27/KMT2E/PKD1/BRCA1/TACC3/PIAS1/SPDL1/TPR/ARID1B/BCAT1/TCF3/SMARCE1/ACTB/UBE2A/DNM2/RBL1/NDC80/CDC14B/ZNF324/ORC1/AURKA/PSME1/CDC23/WAC/CDC7/BCL7C/CDKN3/PSME2/E2F1/CHMP4B/RBBP8/RAB11A/NBN/ERCC2/CCNE1/TGFB1/BABAM1/RAD51C/SMARCD2/ANAPC15/BCL7A/FOXM1/PTPN6/FBXO5/CCNG1/MAD2L2/MIIP/CDC20/CENPF/RPA2/CCND2/CPSF3/KHDRBS1/ZWINT/CDK2/STIL/CKS2/USP22/MAD2L1BP/XRCC3/HSPA2/ARPP19/CCNB1/APC/TAOK3/CDK4/ESPL1/MDM2/USP37/ACTL6A/TMEM14B/RDX/BARD1/TMOD3/CENPE/NABP2/MBTPS1/TP53/ANAPC11/AKT1/NUF2/INTS3/CALM2/DYNC1LI1/CTDSPL/CCNA2/CDCA5/DGKZ/INCENP/CHEK1/EIF4E/EPS8/CACUL1/LSM11/NSMCE2/APPL1/BABAM2/DONSON/CALM3/BRSK1/TAOK1/MRNIP/DBF4B/CCNF/TOPBP1/MAD2L1/RAD21/WEE1/PLK1/RRM1/DDB1/RFWD3/BUB1/AVEN/WNT10B/PLRG1/RRM2/MTBP/SLFN11/CKS1B/NABP1/ZWILCH/PPP2R2D/CCDC57/ATAD5/ANAPC2/POLE/RCC2/RCC1/LSM10/CHEK2/KNTC1/FOXO4/EIF4EBP1/PABIR1/BLM/TFDP1/ZNF830/SMC5/GIGYF2/AIF1/LCMT1/TREX1/MBLAC1/PHB2/PRKDC",146
"GO:0045787","positive regulation of cell cycle","104/3142","227/10476",0.458149779735683,1.52755477164577,5.25955972247038,2.75039114343599e-07,5.39846773633616e-05,5.19273847880715e-05,"POLDIP2/KMT2E/NCAPD2/TPR/PKN2/RAD18/TCF3/SPAG5/NDC80/CDC14B/ATRX/AURKA/RAB11FIP3/CDC23/CDC7/RANBP1/PTK6/FAM83D/PSMD10/RAB11A/CSPP1/CCNE1/TGFB1/RAD51C/GLI1/FBXO5/SMC4/HES1/ECT2/TTL/CDC20/CCND2/CPSF3/SLF2/GPSM2/CIT/STIL/USP22/MAD2L1BP/MED1/XRCC3/HSPA2/SLF1/CCNB1/CDK4/ESPL1/MDM2/SMC2/PIM1/RDX/NUSAP1/KIF20B/TMOD3/BRCA2/IGF1R/ANAPC11/AKT1/PLK4/PKP4/DYNC1LI1/CDCA5/NCAPG2/INCENP/CHEK1/EIF4E/NCAPD3/LSM11/NSMCE2/DBF4B/RACGAP1/SMC6/MAD2L1/CITED2/RAD21/DYNLT3/ARF6/CEP295/RRM1/FEN1/BUB1/WNT10B/PLRG1/RHNO1/RRM2/MTBP/STAT5B/FOSL1/CCDC57/ATAD5/RCC2/PTPN11/LSM10/CHEK2/EIF4EBP1/PLSCR1/DDRGK1/TFDP1/NUDT16/SMC5/AIF1/NUP62/MBLAC1/PHB2/CCPG1",104
"GO:0090068","positive regulation of cell cycle process","86/3142","180/10476",0.477777777777778,1.59299809038829,5.25248636616641,3.22804892004122e-07,6.09232155793933e-05,5.86015034715175e-05,"POLDIP2/KMT2E/NCAPD2/TPR/PKN2/RAD18/SPAG5/NDC80/CDC14B/ATRX/AURKA/RAB11FIP3/CDC23/CDC7/RANBP1/FAM83D/RAB11A/CSPP1/CCNE1/TGFB1/RAD51C/GLI1/FBXO5/SMC4/ECT2/CDC20/CCND2/CPSF3/SLF2/GPSM2/CIT/STIL/MAD2L1BP/MED1/XRCC3/HSPA2/SLF1/CCNB1/CDK4/ESPL1/MDM2/SMC2/RDX/NUSAP1/KIF20B/TMOD3/IGF1R/ANAPC11/AKT1/PLK4/PKP4/DYNC1LI1/CDCA5/NCAPG2/INCENP/NCAPD3/LSM11/NSMCE2/DBF4B/RACGAP1/SMC6/MAD2L1/RAD21/ARF6/CEP295/RRM1/FEN1/BUB1/WNT10B/PLRG1/RHNO1/RRM2/MTBP/ATAD5/RCC2/LSM10/CHEK2/PLSCR1/DDRGK1/TFDP1/NUDT16/SMC5/AIF1/NUP62/MBLAC1/PHB2",86
"GO:0000226","microtubule cytoskeleton organization","193/3142","479/10476",0.402922755741127,1.34341781958754,5.03576425171103,5.73907006331264e-07,0.000104302284446945,0.000100327447032725,"POLDIP2/FKBP4/PKD1/BRCA1/TACC3/SPDL1/SPATA7/OFD1/TPR/MAP4/CC2D2A/CROCC/RNF4/INTS13/PRKCZ/SMC1A/WDR62/MLH1/SPAG5/USP33/PCM1/DNM2/NDC80/CDC14B/XPO1/ATRX/CHMP5/AURKA/PPP2R3C/HAUS4/AAAS/EFHC1/RANBP1/TTLL1/MYH9/MYBL2/TUBB1/CHMP4B/CEP76/KATNAL1/PARD6A/NUBP1/CCP110/RAB11A/CEP152/IFT56/KANK1/SMC3/TRIM37/KPNB1/RANGRF/JHY/PPFIBP1/GAPDH/FBXO5/SENP6/DNAH1/TTL/PARD3B/SSX2IP/CDC20/STMN1/ARMC2/TTLL5/CRIPT/KIF18A/GPSM2/CDK2/TUBA1B/STIL/ENKD1/PARD6B/XRCC3/TUBGCP3/UXT/LRRC61/AKAP9/TUBGCP6/KNSTRN/CALML4/MAP7D3/SGO1/CEP85/CLIP1/TUBG1/PPFIA1/LLGL1/RAN/FIGNL1/CPLANE2/CEP20/CCNB1/KATNBL1/APC/CCDC146/NAT10/ESPL1/DYNC1LI2/CEP350/CKAP2/BORA/RAC1/ODF2/PPP2R1B/NUSAP1/HAUS2/TUBGCP4/IFT172/CENPE/KIF21A/POC1B/NEDD1/CCDC65/BRCA2/EFCAB11/KATNB1/CLTC/CEP131/PLK4/KIF2C/NUF2/SPAG16/DYNC1LI1/CCDC120/ITGB1BP2/MCPH1/CETN2/HAUS6/PAK1/TTC12/EML3/INCENP/CHEK1/BICD1/HAUS1/CENPH/BRSK1/TAOK1/RACGAP1/CCDC78/CCNF/ATXN7/MAD2L1/DNAAF5/SUN1/DCAF13/MID1IP1/ABRAXAS2/CEP295/WEE1/PLK1/GOLGA2/KATNAL2/TUBA1C/DDB1/ULK4/SAC3D1/MECP2/CNTROB/TPPP/RSPH9/CFL1/BBS1/CKAP5/TTLL11/SSNA1/CCDC57/WDR73/PDE4DIP/RCC1/CEP97/FES/SKA2/CHEK2/DRG1/CENATAC/KATNA1/KIF24/CHP1/DNAJB13/PRC1/MZT1/SPIRE2/E2F4/NUP62/ARL2/CCNL2/HAUS5/CHMP4A/LSM14A/FIGNL2/SRGAP2/UHRF1",193
"GO:0048285","organelle fission","144/3142","340/10476",0.423529411764706,1.41212416220467,5.05642870624171,6.01765711394875e-07,0.000105459440921952,0.000101440505635136,"POLDIP2/COX10/BAZ1B/NCAPD2/SPDL1/TPR/RAD51/NDC1/STAG3/SMC1A/MLH1/SPAG5/NDC80/CDC14B/RAD54L/CHMP5/AURKA/CDC23/AAAS/RANBP1/PRMT5/CCNB1IP1/MYBL2/CHMP4B/RAB11A/PEX11G/CCNE1/TGFB1/SMC3/RAD51C/KPNB1/RANGRF/ANAPC15/CORO1C/FBXO5/SMC4/ACTR3/ORC4/MAD2L2/CDC20/CENPF/KIF18A/ZWINT/CENPK/CKS2/MAD2L1BP/XRCC3/HSPA2/KNSTRN/SGO1/CEP85/TUBG1/TOP2A/BRME1/RAN/FIGNL1/CCNB1/APC/ESPL1/BORA/BRIP1/SMC2/NUSAP1/ACTR2/KIF20B/CENPE/BRCA2/KATNB1/ANAPC11/P3H4/KIF2C/NUF2/FANCD2/DYNC1LI1/MTFR2/CDCA5/NCAPG2/MKI67/EML3/INCENP/CHEK1/EPS8/NCAPD3/CYRIB/EME1/TTN/NSMCE2/ANKLE1/ACOX1/RACGAP1/SYCE2/MAD2L1/PTTG1/RAD21/SUN1/DCAF13/ABRAXAS2/TMEM135/PLK1/GOLGA2/CDT1/DDB1/REEP4/MFF/BUB1/CENPX/MTBP/ZWILCH/CENPS/BANF1/PPP2R2D/AURKAIP1/CNTD1/MIEF2/RRS1/RCC1/TDRKH/CEP97/SKA2/CHEK2/KMT5A/KNTC1/L3MBTL1/PSMD13/DRG1/PPP1CC/FANCA/FANCM/SLX4/RAD54B/EME2/CHAMP1/PRC1/EHMT2/MSH5/MZT1/SPIRE2/LCMT1/NUP62/PHB2/PGAM5/CHMP4A/LSM14A/UHRF1",144
"GO:0000070","mitotic sister chromatid segregation","75/3142","154/10476",0.487012987012987,1.62378995924508,5.10418569836635,7.11257064206468e-07,0.000120349600484867,0.000115763218726018,"POLDIP2/BAZ1B/NCAPD2/SPDL1/TPR/SMC1A/SPAG5/NDC80/CHMP5/CDC23/AAAS/MYBL2/CHMP4B/RAB11A/SMC3/KPNB1/RANGRF/ANAPC15/FBXO5/SMC4/MAD2L2/CDC20/CENPF/KIF18A/ZWINT/CENPK/MAD2L1BP/XRCC3/KNSTRN/TUBG1/RAN/CCNB1/APC/ESPL1/SMC2/NUSAP1/CENPE/KATNB1/ANAPC11/KIF2C/NUF2/DYNC1LI1/CDCA5/NCAPG2/EML3/INCENP/NCAPD3/TTN/NSMCE2/RACGAP1/MAD2L1/RAD21/ABRAXAS2/PLK1/GOLGA2/CDT1/BUB1/ZWILCH/RRS1/RCC1/CEP97/SKA2/CHEK2/KMT5A/KNTC1/DRG1/PPP1CC/CHAMP1/PRC1/MZT1/LCMT1/NUP62/CHMP4A/LSM14A/UHRF1",75
"GO:1905818","regulation of chromosome separation","35/3142","57/10476",0.614035087719298,2.04730476732889,5.1892804528845,8.47985125100949e-07,0.000138702100295679,0.000133416326349216,"NCAPD2/SPDL1/TPR/CSNK2A2/NDC80/CDC23/CSNK2A1/ANAPC15/FBXO5/SMC4/MAD2L2/CDC20/CENPF/ZWINT/MAD2L1BP/XRCC3/CCNB1/APC/ESPL1/SMC2/ANAPC11/NUF2/DYNC1LI1/NCAPG2/INCENP/NCAPD3/NSMCE2/MAD2L1/RAD21/PLK1/BUB1/ZWILCH/KNTC1/PLSCR1/LCMT1",35
"GO:1901990","regulation of mitotic cell cycle phase transition","115/3142","262/10476",0.438931297709924,1.46347685385397,4.97267896870319,1.00648211940525e-06,0.000159316379352308,0.000153245019470734,"KMT2E/PKD1/BRCA1/SPDL1/TPR/ARID1B/TCF3/SMARCE1/ACTB/RBL1/NDC80/CDC14B/ORC1/AURKA/PSME1/CDC23/WAC/CDC7/BCL7C/PSME2/E2F1/RBBP8/RAB11A/NBN/ERCC2/CCNE1/TGFB1/BABAM1/RAD51C/SMARCD2/ANAPC15/BCL7A/PTPN6/FBXO5/CCNG1/MAD2L2/MIIP/CDC20/CENPF/RPA2/CCND2/CPSF3/ZWINT/CDK2/STIL/MAD2L1BP/XRCC3/HSPA2/CCNB1/APC/TAOK3/CDK4/ESPL1/MDM2/ACTL6A/TMEM14B/RDX/BARD1/TMOD3/CENPE/NABP2/MBTPS1/TP53/ANAPC11/AKT1/NUF2/INTS3/DYNC1LI1/CTDSPL/CDCA5/DGKZ/INCENP/CHEK1/LSM11/NSMCE2/APPL1/BABAM2/DONSON/BRSK1/TAOK1/MRNIP/DBF4B/TOPBP1/MAD2L1/RAD21/WEE1/PLK1/RRM1/DDB1/RFWD3/BUB1/AVEN/WNT10B/PLRG1/RRM2/MTBP/SLFN11/NABP1/ZWILCH/ATAD5/RCC2/LSM10/KNTC1/FOXO4/PABIR1/BLM/TFDP1/ZNF830/GIGYF2/AIF1/LCMT1/TREX1/MBLAC1/PHB2/PRKDC",115
"GO:0044786","cell cycle DNA replication","26/3142","38/10476",0.684210526315789,2.28128245502362,5.17890190104123,1.10995275423009e-06,0.00017020431765647,0.000163718031248938,"RTF2/RAD51/MCM2/TIPIN/MCM6/ATRX/CDC7/POLA1/MCM4/LIG1/FBXO5/MCM3/GMNN/BCL6/PCNA/DNA2/BRCA2/DONSON/DBF4B/CDT1/TK1/FEN1/ATAD5/GINS3/BLM/ZNF830",26
"GO:0033260","nuclear DNA replication","25/3142","36/10476",0.694444444444444,2.31540420114577,5.17451772562749,1.16333603231153e-06,0.000172068231158963,0.000165510913199573,"RTF2/RAD51/MCM2/TIPIN/MCM6/ATRX/CDC7/POLA1/MCM4/LIG1/MCM3/GMNN/BCL6/PCNA/DNA2/BRCA2/DONSON/DBF4B/CDT1/TK1/FEN1/ATAD5/GINS3/BLM/ZNF830",25
"GO:0071459","protein localization to chromosome, centromeric region","24/3142","34/10476",0.705882352941177,2.35354027034111,5.17402411825096,1.19825645217781e-06,0.000172068231158963,0.000165510913199573,"JARID2/CENPQ/SPDL1/H2BC11/H4C8/MIS18A/TRAPPC12/MTBP/ZWILCH/RCC2/KNTC1/H4C3/H4C11/CHAMP1/SMC5/H4C15/H4C12/H4C6/H4C9/H4C5/H4C4/H2AC4/H4C1/H4C2",24
"GO:0051983","regulation of chromosome segregation","55/3142","105/10476",0.523809523809524,1.74647631172138,5.03164527618062,1.22730550042056e-06,0.000172068231158963,0.000165510913199573,"CDC27/NCAPD2/TACC3/SPDL1/TPR/ARID1B/CSNK2A2/RAD18/SMARCE1/ACTB/NDC80/CDC23/BCL7C/CSNK2A1/SMARCD2/ANAPC15/BCL7A/FBXO5/SMC4/MAD2L2/CDC20/CENPF/ZWINT/MAD2L1BP/XRCC3/CCNB1/APC/ESPL1/ACTL6A/SMC2/CENPE/ANAPC11/KIF2C/NUF2/DYNC1LI1/NCAPG2/MKI67/INCENP/NCAPD3/NSMCE2/SMC6/MAD2L1/RAD21/PLK1/BUB1/ZWILCH/PPP2R2D/RMI2/ANAPC2/RCC2/KNTC1/PLSCR1/SMC5/LCMT1/PPP2R2A",55
"GO:1901293","nucleoside phosphate biosynthetic process","113/3142","258/10476",0.437984496124031,1.4603200450017,4.90000410850006,1.41946601865316e-06,0.000193481104264751,0.00018610776689008,"AK2/NDUFAB1/ELOVL5/ADSS2/KARS1/NDUFB4/ELOVL1/COASY/ACSL4/ENO1/ACAT1/CAD/ACOT7/ATP5F1D/NDUFB7/PMM1/MTHFD1/PRPS2/PGK1/MLYCD/TGFB1/IMPDH1/PRKAG2/ATP5F1B/CMAS/GNPDA1/ATP6V1A/DGUOK/ATP5PB/NDUFB3/NDUFA8/ATP5F1E/NAGK/NDUFA1/PAICS/PPAT/DUT/ACSS2/PPT1/ACLY/NDUFB5/ATIC/PPCDC/NDUFB10/UCK2/SDHC/PARP1/NDUFS6/MMUT/NDUFB11/AK3/HSD17B12/ALDOA/ATPSCKMT/DLAT/NDUFC2/ACSL1/ATP5F1A/AK5/ATP5MC3/ATP5PF/HK1/FCSK/GART/ATP5MC1/GNE/NDUFV3/DIP2A/ADCY9/GMPS/MTHFD2L/NDUFS4/NUDT2/NDUFB6/STOML2/ATP5F1C/HPRT1/NDUFB8/RRM1/ATP5PD/TK1/PDHB/DTYMK/NDUFS5/ATP5ME/NANP/ELOVL6/RRM2/DCAKD/ATP5MK/NDUFA11/DNAJC30/ACSF3/TYMS/SHMT1/PFAS/NME9/NDUFA12/NDUFA6/NDUFA13/GFPT1/PNP/MT-ND4/SDHD/ASPDH/TMSB4X/HACD2/NME1/ADSL/ATP5MF/ATP5PO/NME2/NDUFA7",113
"GO:1903046","meiotic cell cycle process","62/3142","123/10476",0.504065040650406,1.68064461039263,4.9699213046626,1.48955446319417e-06,0.00019697065658118,0.000189464336470994,"NCAPD2/RAD51/NDC1/STAG3/MLH1/NDC80/ATRX/RAD54L/AURKA/MYH9/CCNB1IP1/CCNE1/RAD51C/FBXO5/SMC4/ACTR3/ORC4/MSH6/CDC20/KIF18A/ZWINT/CKS2/HSPA2/SGO1/TUBG1/TOP2A/BRME1/FIGNL1/ESPL1/BRIP1/SMC2/ACTR2/BRCA2/P3H4/NUF2/FANCD2/INCENP/NCAPD3/EME1/ANKLE1/SYCE2/PTTG1/RAD21/SUN1/DCAF13/PLK1/GOLGA2/DDB1/CENPX/CENPS/CNTD1/TDRKH/SKA2/PSMD13/FANCA/FANCM/SLX4/RAD54B/EME2/EHMT2/MSH5/SPIRE2",62
"GO:0000819","sister chromatid segregation","87/3142","188/10476",0.462765957446808,1.5429459485082,4.91676777994379,1.52534847158851e-06,0.00019697065658118,0.000189464336470994,"POLDIP2/CDC27/BAZ1B/NCAPD2/TACC3/SPDL1/TPR/ARID1B/SMC1A/SMARCE1/ACTB/SPAG5/NDC80/CHMP5/CDC23/AAAS/BCL7C/MYBL2/CHMP4B/RAB11A/SMC3/KPNB1/SMARCD2/RANGRF/ANAPC15/BCL7A/FBXO5/SMC4/MAD2L2/CDC20/CENPF/KIF18A/ZWINT/CENPK/MAD2L1BP/XRCC3/KNSTRN/TUBG1/TOP2A/RAN/CCNB1/APC/ESPL1/ACTL6A/SMC2/NUSAP1/CENPE/KATNB1/ANAPC11/KIF2C/NUF2/DYNC1LI1/CDCA5/NCAPG2/EML3/INCENP/NCAPD3/TTN/NSMCE2/RACGAP1/MAD2L1/RAD21/ABRAXAS2/PLK1/GOLGA2/CDT1/BUB1/ZWILCH/RMI2/ANAPC2/RRS1/RCC1/CEP97/SKA2/CHEK2/KMT5A/KNTC1/DRG1/PPP1CC/CHAMP1/PRC1/MZT1/LCMT1/NUP62/CHMP4A/LSM14A/UHRF1",87
"GO:0046390","ribose phosphate biosynthetic process","72/3142","149/10476",0.483221476510067,1.61114837298519,4.91770370852132,1.70609143488018e-06,0.000214661299255308,0.000206480809554729,"AK2/NDUFAB1/ADSS2/NDUFB4/COASY/ENO1/CAD/ATP5F1D/NDUFB7/MTHFD1/PRPS2/TGFB1/IMPDH1/PRKAG2/ATP5F1B/ATP6V1A/ATP5PB/NDUFB3/NDUFA8/ATP5F1E/NDUFA1/PAICS/PPAT/NDUFB5/ATIC/NDUFB10/UCK2/SDHC/PARP1/NDUFS6/NDUFB11/AK3/ALDOA/ATPSCKMT/NDUFC2/ATP5F1A/AK5/ATP5MC3/ATP5PF/GART/ATP5MC1/NDUFV3/G6PD/ADCY9/GMPS/NDUFS4/NUDT2/NDUFB6/STOML2/ATP5F1C/HPRT1/NDUFB8/ATP5PD/NDUFS5/ATP5ME/ATP5MK/NDUFA11/DNAJC30/PFAS/NME9/NDUFA12/NDUFA6/NDUFA13/MT-ND4/SDHD/TMSB4X/NME1/ADSL/ATP5MF/ATP5PO/NME2/NDUFA7",72
"GO:0009206","purine ribonucleoside triphosphate biosynthetic process","53/3142","101/10476",0.524752475247525,1.74962028347965,4.95470288839586,1.77542815426465e-06,0.000215616698550288,0.000207399799706003,"NDUFAB1/NDUFB4/ENO1/ATP5F1D/NDUFB7/TGFB1/IMPDH1/PRKAG2/ATP5F1B/ATP6V1A/ATP5PB/NDUFB3/NDUFA8/ATP5F1E/NDUFA1/NDUFB5/NDUFB10/SDHC/PARP1/NDUFS6/NDUFB11/ALDOA/ATPSCKMT/NDUFC2/ATP5F1A/ATP5MC3/ATP5PF/ATP5MC1/NDUFV3/NDUFS4/NUDT2/NDUFB6/STOML2/ATP5F1C/NDUFB8/ATP5PD/NDUFS5/ATP5ME/ATP5MK/NDUFA11/DNAJC30/NME9/NDUFA12/NDUFA6/NDUFA13/MT-ND4/SDHD/TMSB4X/NME1/ATP5MF/ATP5PO/NME2/NDUFA7",53
"GO:0009260","ribonucleotide biosynthetic process","70/3142","144/10476",0.486111111111111,1.62078294080204,4.90951368118224,1.80156605676825e-06,0.000215616698550288,0.000207399799706003,"AK2/NDUFAB1/ADSS2/NDUFB4/COASY/ENO1/CAD/ATP5F1D/NDUFB7/MTHFD1/TGFB1/IMPDH1/PRKAG2/ATP5F1B/ATP6V1A/ATP5PB/NDUFB3/NDUFA8/ATP5F1E/NDUFA1/PAICS/PPAT/NDUFB5/ATIC/NDUFB10/UCK2/SDHC/PARP1/NDUFS6/NDUFB11/AK3/ALDOA/ATPSCKMT/NDUFC2/ATP5F1A/AK5/ATP5MC3/ATP5PF/GART/ATP5MC1/NDUFV3/ADCY9/GMPS/NDUFS4/NUDT2/NDUFB6/STOML2/ATP5F1C/HPRT1/NDUFB8/ATP5PD/NDUFS5/ATP5ME/ATP5MK/NDUFA11/DNAJC30/PFAS/NME9/NDUFA12/NDUFA6/NDUFA13/MT-ND4/SDHD/TMSB4X/NME1/ADSL/ATP5MF/ATP5PO/NME2/NDUFA7",70
"GO:0045005","DNA-templated DNA replication maintenance of fidelity","33/3142","54/10476",0.611111111111111,2.03755569700828,5.00313726456118,2.0319052883466e-06,0.000234788807858786,0.000225841282472686,"RECQL/BRCA1/RAD51/POLQ/POLD1/NUCKS1/TIPIN/ATRX/RBBP8/NBN/TIMELESS/MCM8/PCNA/DNA2/SMARCAL1/BARD1/BRCA2/PARP1/MMS22L/EME1/DONSON/TONSL/PRIMPOL/FAM111A/RFWD3/CENPX/SLFN11/CENPS/POLE/TRAIP/FANCM/BLM/EME2",33
"GO:0045931","positive regulation of mitotic cell cycle","50/3142","94/10476",0.531914893617021,1.77350109023931,4.93053445522808,2.05745236150964e-06,0.000234788807858786,0.000225841282472686,"POLDIP2/KMT2E/PKN2/AURKA/CDC23/CDC7/RAB11A/CCNE1/TGFB1/RAD51C/FBXO5/HES1/TTL/CDC20/CCND2/CPSF3/STIL/USP22/MAD2L1BP/HSPA2/CCNB1/CDK4/ESPL1/MDM2/RDX/TMOD3/BRCA2/ANAPC11/AKT1/CDCA5/EIF4E/LSM11/NSMCE2/DBF4B/DYNLT3/RRM1/WNT10B/PLRG1/RRM2/MTBP/STAT5B/CCDC57/RCC2/PTPN11/LSM10/EIF4EBP1/TFDP1/AIF1/MBLAC1/PHB2",50
"GO:0009142","nucleoside triphosphate biosynthetic process","58/3142","114/10476",0.508771929824561,1.69633823578679,4.89283452131753,2.19304865918914e-06,0.00024457476751457,0.000235254310713016,"NDUFAB1/NDUFB4/ENO1/CAD/ATP5F1D/NDUFB7/TGFB1/IMPDH1/PRKAG2/ATP5F1B/ATP6V1A/ATP5PB/NDUFB3/NDUFA8/ATP5F1E/NDUFA1/NDUFB5/NDUFB10/UCK2/SDHC/PARP1/NDUFS6/NDUFB11/AK3/ALDOA/ATPSCKMT/NDUFC2/ATP5F1A/ATP5MC3/ATP5PF/ATP5MC1/NDUFV3/NDUFS4/NUDT2/NDUFB6/STOML2/ATP5F1C/NDUFB8/ATP5PD/DTYMK/NDUFS5/ATP5ME/ATP5MK/NDUFA11/DNAJC30/TYMS/NME9/NDUFA12/NDUFA6/NDUFA13/MT-ND4/SDHD/TMSB4X/NME1/ATP5MF/ATP5PO/NME2/NDUFA7",58
"GO:0015986","proton motive force-driven ATP synthesis","42/3142","75/10476",0.56,1.86714194780395,4.93279347037647,2.30830274149612e-06,0.000251707590056032,0.000242115309774704,"NDUFAB1/NDUFB4/ATP5F1D/NDUFB7/ATP5F1B/ATP6V1A/ATP5PB/NDUFB3/NDUFA8/ATP5F1E/NDUFA1/NDUFB5/NDUFB10/SDHC/NDUFS6/NDUFB11/ATPSCKMT/NDUFC2/ATP5F1A/ATP5MC3/ATP5PF/ATP5MC1/NDUFV3/NDUFS4/NDUFB6/STOML2/ATP5F1C/NDUFB8/ATP5PD/NDUFS5/ATP5ME/ATP5MK/NDUFA11/DNAJC30/NDUFA12/NDUFA6/NDUFA13/MT-ND4/SDHD/ATP5MF/ATP5PO/NDUFA7",42
"GO:0006754","ATP biosynthetic process","49/3142","92/10476",0.532608695652174,1.77581435253093,4.89191651807307,2.47089903712673e-06,0.000263580469025671,0.000253535727287786,"NDUFAB1/NDUFB4/ENO1/ATP5F1D/NDUFB7/TGFB1/PRKAG2/ATP5F1B/ATP6V1A/ATP5PB/NDUFB3/NDUFA8/ATP5F1E/NDUFA1/NDUFB5/NDUFB10/SDHC/PARP1/NDUFS6/NDUFB11/ALDOA/ATPSCKMT/NDUFC2/ATP5F1A/ATP5MC3/ATP5PF/ATP5MC1/NDUFV3/NDUFS4/NUDT2/NDUFB6/STOML2/ATP5F1C/NDUFB8/ATP5PD/NDUFS5/ATP5ME/ATP5MK/NDUFA11/DNAJC30/NDUFA12/NDUFA6/NDUFA13/MT-ND4/SDHD/TMSB4X/ATP5MF/ATP5PO/NDUFA7",49
"GO:0009145","purine nucleoside triphosphate biosynthetic process","53/3142","102/10476",0.519607843137255,1.73246714344554,4.86546962444977,2.62688855612758e-06,0.000270962017593788,0.000260635973719722,"NDUFAB1/NDUFB4/ENO1/ATP5F1D/NDUFB7/TGFB1/IMPDH1/PRKAG2/ATP5F1B/ATP6V1A/ATP5PB/NDUFB3/NDUFA8/ATP5F1E/NDUFA1/NDUFB5/NDUFB10/SDHC/PARP1/NDUFS6/NDUFB11/ALDOA/ATPSCKMT/NDUFC2/ATP5F1A/ATP5MC3/ATP5PF/ATP5MC1/NDUFV3/NDUFS4/NUDT2/NDUFB6/STOML2/ATP5F1C/NDUFB8/ATP5PD/NDUFS5/ATP5ME/ATP5MK/NDUFA11/DNAJC30/NME9/NDUFA12/NDUFA6/NDUFA13/MT-ND4/SDHD/TMSB4X/NME1/ATP5MF/ATP5PO/NME2/NDUFA7",53
"GO:0009201","ribonucleoside triphosphate biosynthetic process","55/3142","107/10476",0.514018691588785,1.71383189467986,4.85768169420987,2.65053532596328e-06,0.000270962017593788,0.000260635973719722,"NDUFAB1/NDUFB4/ENO1/CAD/ATP5F1D/NDUFB7/TGFB1/IMPDH1/PRKAG2/ATP5F1B/ATP6V1A/ATP5PB/NDUFB3/NDUFA8/ATP5F1E/NDUFA1/NDUFB5/NDUFB10/UCK2/SDHC/PARP1/NDUFS6/NDUFB11/ALDOA/ATPSCKMT/NDUFC2/ATP5F1A/ATP5MC3/ATP5PF/ATP5MC1/NDUFV3/NDUFS4/NUDT2/NDUFB6/STOML2/ATP5F1C/NDUFB8/ATP5PD/NDUFS5/ATP5ME/ATP5MK/NDUFA11/DNAJC30/NME9/NDUFA12/NDUFA6/NDUFA13/MT-ND4/SDHD/TMSB4X/NME1/ATP5MF/ATP5PO/NME2/NDUFA7",55
"GO:0140013","meiotic nuclear division","56/3142","110/10476",0.509090909090909,1.69740177073086,4.8126406988497,3.18499671289609e-06,0.000318954670820023,0.000306799683364685,"RAD51/NDC1/STAG3/MLH1/NDC80/RAD54L/AURKA/CCNB1IP1/CCNE1/RAD51C/FBXO5/SMC4/ACTR3/ORC4/CDC20/KIF18A/ZWINT/CKS2/HSPA2/SGO1/TOP2A/BRME1/FIGNL1/ESPL1/BRIP1/SMC2/ACTR2/BRCA2/P3H4/NUF2/FANCD2/INCENP/EME1/ANKLE1/SYCE2/PTTG1/RAD21/SUN1/DCAF13/PLK1/GOLGA2/DDB1/CENPX/CENPS/CNTD1/TDRKH/SKA2/PSMD13/FANCA/FANCM/SLX4/RAD54B/EME2/EHMT2/MSH5/SPIRE2",56
"GO:0006119","oxidative phosphorylation","64/3142","131/10476",0.488549618320611,1.62891336776789,4.74101008986379,3.98670535005759e-06,0.000391255263054652,0.000376344985045436,"NDUFAB1/NDUFB4/ATP5F1D/NDUFB7/BCL2L13/CHCHD2/PPIF/ATP5F1B/COX6A1/COX7A2/DGUOK/COX7A2L/PARK7/ATP5PB/NDUFB3/NDUFA8/ATP5F1E/NDUFA1/COX6B1/UQCR11/COX7B/CCNB1/NDUFB5/UQCRC2/NDUFB10/SDHC/NDUFS6/NDUFB11/ATPSCKMT/NDUFC2/ATP5F1A/ATP5PF/NDUFV3/NDUFS4/UQCRQ/COX6C/NDUFB6/STOML2/ATP5F1C/NDUFB8/TMEM135/ATP5PD/COA6/NDUFS5/ATP5ME/UQCRH/NDUFA11/COX8A/DNAJC30/COX5A/CYC1/SHMT2/UQCR10/NDUFA12/NDUFA6/NDUFA13/MT-ND4/MT-CO3/SDHD/UQCRHL/ATP5MF/ATP5PO/CHCHD10/NDUFA7",64
"GO:0042776","proton motive force-driven mitochondrial ATP synthesis","38/3142","67/10476",0.567164179104478,1.89102862517457,4.7888827813542,4.59891041945866e-06,0.000442487322123208,0.000425624650585193,"NDUFAB1/NDUFB4/ATP5F1D/NDUFB7/ATP5F1B/ATP5PB/NDUFB3/NDUFA8/ATP5F1E/NDUFA1/NDUFB5/NDUFB10/SDHC/NDUFS6/NDUFB11/ATPSCKMT/NDUFC2/ATP5F1A/ATP5PF/NDUFV3/NDUFS4/NDUFB6/STOML2/ATP5F1C/NDUFB8/ATP5PD/NDUFS5/ATP5ME/NDUFA11/DNAJC30/NDUFA12/NDUFA6/NDUFA13/MT-ND4/SDHD/ATP5MF/ATP5PO/NDUFA7",38
"GO:0140014","mitotic nuclear division","93/3142","209/10476",0.444976076555024,1.4836312469734,4.62248348140578,5.38356184743938e-06,0.000508021884334328,0.000488661767690652,"POLDIP2/BAZ1B/NCAPD2/SPDL1/TPR/SMC1A/SPAG5/NDC80/CDC14B/CHMP5/AURKA/CDC23/AAAS/RANBP1/PRMT5/MYBL2/CHMP4B/RAB11A/TGFB1/SMC3/KPNB1/RANGRF/ANAPC15/FBXO5/SMC4/MAD2L2/CDC20/CENPF/KIF18A/ZWINT/CENPK/MAD2L1BP/XRCC3/KNSTRN/CEP85/TUBG1/RAN/CCNB1/APC/ESPL1/BORA/SMC2/NUSAP1/KIF20B/CENPE/KATNB1/ANAPC11/KIF2C/NUF2/DYNC1LI1/CDCA5/NCAPG2/MKI67/EML3/INCENP/CHEK1/EPS8/NCAPD3/TTN/NSMCE2/RACGAP1/MAD2L1/RAD21/ABRAXAS2/PLK1/GOLGA2/CDT1/REEP4/BUB1/MTBP/ZWILCH/BANF1/PPP2R2D/AURKAIP1/RRS1/RCC1/CEP97/SKA2/CHEK2/KMT5A/KNTC1/L3MBTL1/DRG1/PPP1CC/CHAMP1/PRC1/MZT1/LCMT1/NUP62/PHB2/CHMP4A/LSM14A/UHRF1",93
"GO:0006164","purine nucleotide biosynthetic process","72/3142","153/10476",0.470588235294118,1.56902684689407,4.64071782331045,5.71429803136171e-06,0.000523378049488316,0.000503432727447493,"AK2/NDUFAB1/ADSS2/NDUFB4/COASY/ENO1/ATP5F1D/NDUFB7/MTHFD1/PRPS2/TGFB1/IMPDH1/PRKAG2/ATP5F1B/ATP6V1A/DGUOK/ATP5PB/NDUFB3/NDUFA8/ATP5F1E/NDUFA1/PAICS/PPAT/NDUFB5/ATIC/NDUFB10/SDHC/PARP1/NDUFS6/NDUFB11/AK3/ALDOA/ATPSCKMT/NDUFC2/ATP5F1A/AK5/ATP5MC3/ATP5PF/GART/ATP5MC1/NDUFV3/ADCY9/GMPS/MTHFD2L/NDUFS4/NUDT2/NDUFB6/STOML2/ATP5F1C/HPRT1/NDUFB8/ATP5PD/NDUFS5/ATP5ME/ATP5MK/NDUFA11/DNAJC30/PFAS/NME9/NDUFA12/NDUFA6/NDUFA13/MT-ND4/SDHD/ASPDH/TMSB4X/NME1/ADSL/ATP5MF/ATP5PO/NME2/NDUFA7",72
"GO:0045333","cellular respiration","94/3142","212/10476",0.443396226415094,1.47836373899571,4.60550771236469,5.75961171232302e-06,0.000523378049488316,0.000503432727447493,"NDUFAB1/HCCS/COX10/MDH1/NDUFB4/FH/ATP5F1D/NDUFB7/BCL2L13/ETFB/CHCHD2/PPIF/ATP5F1B/COX6A1/COX7A2/NNT/DGUOK/COX7A2L/PARK7/ATP5PB/NDUFB3/NDUFA8/CISD1/ATP5F1E/NDUFA1/CHCHD5/COX6B1/UQCR11/COX7B/KGD4/CCNB1/BLOC1S1/COQ10A/SUCLA2/NDUFB5/PNPT1/ETFA/UQCRC2/NDUFB10/SDHC/NDUFS6/MTFR2/MDH2/NDUFB11/ATPSCKMT/DLAT/NDUFC2/ATP5F1A/SDHAF4/ATP5PF/NDUFV3/CHCHD4/SUCLG1/NDUFS4/UQCRQ/COX6C/NDUFB6/STOML2/ATP5F1C/NDUFB8/TMEM135/ATP5PD/COA6/PDHB/NDUFS5/ATP5ME/PRELID1/UQCRH/NDUFA11/MTLN/SLC35A4/COX8A/DNAJC30/COX5A/CYC1/IDH2/SHMT2/UQCR10/NDUFA12/NDUFA6/NDUFA13/MT-ND4/MT-CO3/SDHD/ARL2/TREX1/UQCRHL/ADSL/ATP5MF/ATP5PO/IL10RB/CHCHD10/NDUFA7/SCO2",94
"GO:0051304","chromosome separation","36/3142","63/10476",0.571428571428571,1.90524688551423,4.71692567624756,6.45916218460221e-06,0.000576274706178964,0.000554313554751317,"NCAPD2/SPDL1/TPR/CSNK2A2/NDC80/CDC23/CSNK2A1/ANAPC15/FBXO5/SMC4/MAD2L2/CDC20/CENPF/ZWINT/MAD2L1BP/XRCC3/CCNB1/APC/ESPL1/SMC2/ANAPC11/NUF2/DYNC1LI1/NCAPG2/INCENP/NCAPD3/NSMCE2/MAD2L1/RAD21/PLK1/BUB1/ZWILCH/KNTC1/CENATAC/PLSCR1/LCMT1",36
"GO:0009165","nucleotide biosynthetic process","83/3142","183/10476",0.453551912568306,1.51222464546963,4.57535379810999,6.98240933106283e-06,0.000602899074069471,0.000579923299288344,"AK2/NDUFAB1/ADSS2/KARS1/NDUFB4/COASY/ENO1/CAD/ATP5F1D/NDUFB7/MTHFD1/PRPS2/TGFB1/IMPDH1/PRKAG2/ATP5F1B/ATP6V1A/DGUOK/ATP5PB/NDUFB3/NDUFA8/ATP5F1E/NDUFA1/PAICS/PPAT/DUT/NDUFB5/ATIC/NDUFB10/UCK2/SDHC/PARP1/NDUFS6/NDUFB11/AK3/ALDOA/ATPSCKMT/NDUFC2/ATP5F1A/AK5/ATP5MC3/ATP5PF/FCSK/GART/ATP5MC1/NDUFV3/ADCY9/GMPS/MTHFD2L/NDUFS4/NUDT2/NDUFB6/STOML2/ATP5F1C/HPRT1/NDUFB8/RRM1/ATP5PD/DTYMK/NDUFS5/ATP5ME/RRM2/ATP5MK/NDUFA11/DNAJC30/TYMS/SHMT1/PFAS/NME9/NDUFA12/NDUFA6/NDUFA13/PNP/MT-ND4/SDHD/ASPDH/TMSB4X/NME1/ADSL/ATP5MF/ATP5PO/NME2/NDUFA7",83
"GO:0009060","aerobic respiration","80/3142","175/10476",0.457142857142857,1.52419750841138,4.57703187024556,7.06840478063864e-06,0.000602899074069471,0.000579923299288344,"NDUFAB1/COX10/MDH1/NDUFB4/FH/ATP5F1D/NDUFB7/BCL2L13/CHCHD2/PPIF/ATP5F1B/COX6A1/COX7A2/NNT/DGUOK/COX7A2L/PARK7/ATP5PB/NDUFB3/NDUFA8/ATP5F1E/NDUFA1/COX6B1/UQCR11/COX7B/KGD4/CCNB1/BLOC1S1/SUCLA2/NDUFB5/UQCRC2/NDUFB10/SDHC/NDUFS6/MTFR2/MDH2/NDUFB11/ATPSCKMT/DLAT/NDUFC2/ATP5F1A/SDHAF4/ATP5PF/NDUFV3/SUCLG1/NDUFS4/UQCRQ/COX6C/NDUFB6/STOML2/ATP5F1C/NDUFB8/TMEM135/ATP5PD/COA6/PDHB/NDUFS5/ATP5ME/UQCRH/NDUFA11/COX8A/DNAJC30/COX5A/CYC1/IDH2/SHMT2/UQCR10/NDUFA12/NDUFA6/NDUFA13/MT-ND4/MT-CO3/SDHD/ARL2/UQCRHL/ADSL/ATP5MF/ATP5PO/CHCHD10/NDUFA7",80
"GO:0051052","regulation of DNA metabolic process","168/3142","422/10476",0.398104265402844,1.32735209559522,4.49274287239101,7.2490412411043e-06,0.000602899074069471,0.000579923299288344,"CREBBP/MBTD1/BRCA1/JADE2/RFC2/ARID1B/RAD51/POLQ/TMEM161A/PRKCQ/NUCKS1/XRCC1/MCM2/SMARCE1/TBX21/TIPIN/ACTB/MCM6/MLH1/SIRT6/XRCC5/ATRX/BAX/FH/CDC7/BCL7C/MCM5/PTK6/CSNK2A1/MAPK3/NBN/MCM4/ERCC2/TGFB1/BABAM1/TAF6/SMC3/C1QBP/SMARCD2/NSD2/PTGES3/BCL7A/GLI1/FOXM1/RFC5/TIMELESS/FBXO5/MCM3/RNF8/GMNN/VEGFA/MSH3/BCL6/INO80D/CCT4/MSH6/MAD2L2/UCHL5/RPA2/SLF2/EPC1/TAF12/PTK2B/PDS5A/SHLD2/PMS2/CDK2/USP22/H1-3/DEK/TTF1/HELB/YEATS4/GFER/CHTF18/POT1/GCH1/SLX1A/FIGNL1/PCNA/RFC3/SLF1/NAT10/CCT7/USP37/EPC2/ACTL6A/ACTR2/DNA2/BARD1/HNRNPD/NABP2/IGF1R/ESCO1/TP53/AKT1/PARP1/CCNA2/CCT6A/CHEK1/PPP4C/CCT5/FBXO4/CCT8/AIFM1/NSMCE2/BABAM2/CCDC117/DFFA/ANKLE1/UBQLN4/MRNIP/DBF4B/USP1/SMC6/VPS72/S100A11/CCT3/PPP4R2/ATXN7/RFC4/CGAS/WEE1/MCM7/PLK1/CDT1/HDGFL2/NUDT16L1/CHTF8/UBE2V2/NSMCE1/DFFB/NFRKB/TADA3/EXOSC10/SLFN11/DCP2/KCTD13/RMI2/RUVBL1/ATAD5/SGF29/ZBTB38/UBE2N/DMAP1/FANCB/RUVBL2/KMT5A/H1-5/PARPBP/MCRS1/H2AX/SLX4/SF3B3/HMGB1/BLM/TFDP1/BAZ1A/SMC5/EHMT2/SPIRE2/ERCC6/USP51/PRKDC/EID3/POLG2/TEN1/PPP4R3B",168
"GO:0072521","purine-containing compound metabolic process","168/3142","422/10476",0.398104265402844,1.32735209559522,4.49274287239101,7.2490412411043e-06,0.000602899074069471,0.000579923299288344,"SARM1/AK2/NDUFAB1/ELOVL5/MDH1/DERA/ADSS2/GNAI3/NDUFB4/ELOVL1/PFKP/PKM/COASY/ACSL4/ENO1/ACAT1/SIRT6/ME2/ACOT7/ATP5F1D/NDUFB7/MTAP/BCL2L13/TSPO/MTHFD1/PCK2/PRPS2/PGK1/MLYCD/GPI/TGFB1/NUDT1/IMPDH1/PRKAG2/SLC25A11/HSPA8/MVK/ATP5F1B/GAPDH/TPI1/LDHB/HMGCS1/NNT/HMGCR/ATP6V1A/DGUOK/ATP5PB/NDUFB3/NDUFA8/GOT1/ACOT9/ATP5F1E/GOT2/NDUFA1/NT5C/PRDX5/PAICS/PPAT/MPP1/ACSS2/PPT1/ACLY/FMO5/MCCC2/RAN/FIGNL1/MACROD1/LDHA/SUCLA2/NDUFB5/ATIC/PPCDC/PDE5A/NDUFB10/TP53/FOXK2/PFKL/PGD/SDHC/PARP1/NDUFS6/MMUT/MDH2/NDUFB11/ATP6V1B2/AK3/HSD17B12/ALDOA/ATPSCKMT/DLAT/OXSM/NDUFC2/ACSL1/ATP5F1A/RPIA/AK5/ATP5MC3/ATP5PF/HK1/GART/ATP5MC1/NDUFV3/G6PD/DIP2A/FDXR/ADCY9/BPNT1/PMVK/SUCLG1/GMPS/MTHFD2L/NDUFS4/NUDT2/NDUFB6/STOML2/NUDT5/ATP5F1C/HPRT1/NDUFB8/NUDT13/CLPX/MVD/NUDT8/ATP5PD/PDHB/NDUFS5/ATP5ME/PGM2/ELOVL6/PGAM1/DCAKD/SULT1B1/PC/ATP5MK/NDUFA11/DNAJC30/ACSF3/SHMT1/TALDO1/SLC25A22/PFAS/DHTKD1/NME9/ZBTB20/PRKAG1/IDH2/NDUFA12/NDUFA6/NDUFA13/ENTPD4/NUDT16/PNP/MT-ND4/SDHD/ASPDH/PDE7A/TMSB4X/HACD2/ARL2/TREX1/NUDT19/NME1/ADSL/ATP5MF/ATP5PO/EIF6/NME2/NDUFA7",168
"GO:0042770","signal transduction in response to DNA damage","72/3142","154/10476",0.467532467532468,1.55883836087528,4.57271670856985,7.61892167101062e-06,0.000623100810660818,0.000599355171452835,"BRCA1/RAD51/TIPIN/CDC14B/ATRX/WDR76/WAC/CDC5L/TELO2/TTI1/E2F1/PSMD10/MAPK3/NBN/DOT1L/BABAM1/MAP2K6/PRPF19/RNF8/CCNG1/ATF2/FBXO6/MAD2L2/RPA2/FOXO3/CDK2/EEF1E1/EIF2AK4/TTI2/CLOCK/TAOK3/MDM2/BRIP1/MDC1/BARD1/BRCA2/MBTPS1/TP53/TIPRL/INTS7/FANCD2/DGKZ/CHEK1/RAD9B/FBXO4/EME1/BABAM2/CCAR2/DONSON/BRSK1/TAOK1/MRNIP/TOPBP1/PLK1/RFWD3/RHNO1/ATAD5/PTPN11/CHEK2/KMT5A/FOXO4/H2AX/MYO6/BLM/EME2/SPRED2/ZNF830/GIGYF2/TREX1/ERCC6/MIF/PRKDC",72
"GO:0051321","meiotic cell cycle","78/3142","170/10476",0.458823529411765,1.52980117572172,4.55829011580708,7.75369128361685e-06,0.000623727264405047,0.0005999577517815,"CDC27/NCAPD2/RAD51/NDC1/STAG3/SMC1A/MLH1/NDC80/ATRX/RAD54L/AURKA/CDC23/MYH9/CCNB1IP1/RBBP8/NBN/CCNE1/SMC3/RAD51C/ANAPC15/FBXO5/SMC4/ACTR3/ORC4/MSH6/CDC20/KIF18A/ZWINT/CDK2/CKS2/TUBGCP3/HSPA2/TUBGCP6/SGO1/TUBG1/TOP2A/BRME1/FIGNL1/ESPL1/BRIP1/SMC2/TUBGCP4/ACTR2/BRCA2/ANAPC11/P3H4/NUF2/FANCD2/INCENP/NCAPD3/EME1/ANKLE1/SYCE2/SGO2/PTTG1/RAD21/SUN1/DCAF13/PLK1/GOLGA2/DDB1/CENPX/CENPS/ANAPC2/CDC26/CNTD1/TDRKH/SKA2/PSMD13/FANCA/FANCM/H2AX/SLX4/RAD54B/EME2/EHMT2/MSH5/SPIRE2",78
"GO:0006334","nucleosome assembly","49/3142","95/10476",0.515789473684211,1.71973600455627,4.61238009398194,8.10592874004084e-06,0.000641545037538394,0.000617096510532142,"MCM2/ATRX/SUPT16H/CABIN1/ASF1B/SET/ATAD2B/H1-3/H2BC11/ANP32B/SSRP1/ATAD2/H4C8/RBBP4/HMGB2/CHAF1A/H3C13/H1-5/H2BC13/NAP1L2/H2AX/H4C3/H3C12/H4C11/H3C4/BAZ1A/H3C14/DNAJC9/H2BC15/H4C15/H4C12/H2BC14/H2BC6/H4C6/H2BC17/H3C11/H2BC9/H4C9/H2BC3/H4C5/H4C4/H2BC7/H3C7/H2BC10/H4C1/H4C2/H3C10/H3C2/H3C3",49
"GO:0065004","protein-DNA complex assembly","85/3142","191/10476",0.445026178010471,1.48379829434682,4.41660461451221,1.33973127385915e-05,0.00104350180330585,0.00100373517660558,"PIAS1/MED17/RAD51/MED29/RNF4/MCM2/ATRX/SUPT16H/CABIN1/MED25/ASF1B/TAF6/RAD51C/CAND1/GMNN/SENP6/DR1/CENPF/SET/ATAD2B/TAF12/CENPK/H1-3/H2BC11/MED20/MED1/MED4/ANP32B/TAF8/CENPO/CENPE/GTF2A2/TP53/ITGB3BP/TAF1/SSRP1/CENPH/ATAD2/H4C8/MIS18A/RBBP4/HMGB2/CENPN/CDT1/CHAF1A/CENPX/WNT10B/TRAPPC12/MED16/H3C13/H1-5/KNTC1/H2BC13/NAP1L2/CENPP/H2AX/HMGB1/H4C3/H3C12/H4C11/H3C4/BAZ1A/H3C14/DNAJC9/H2BC15/H4C15/H4C12/H2BC14/H2BC6/H4C6/H2BC17/H3C11/H2BC9/H4C9/H2BC3/H4C5/H4C4/H2BC7/H3C7/H2BC10/H4C1/H4C2/H3C10/H3C2/H3C3",85
"GO:0034502","protein localization to chromosome","57/3142","117/10476",0.487179487179487,1.62434510111149,4.44496531161165,1.46999600982993e-05,0.00112379712288209,0.00108097053596973,"JARID2/CENPQ/SPDL1/RNF4/SIRT6/XRCC5/ATRX/HTATSF1/NBN/CCT4/RPA2/SLF2/H2BC11/MCM8/POT1/SLF1/CCT7/MDC1/NABP2/BRCA2/PARP1/MMS22L/CCT6A/CCT5/XRCC4/H4C8/MIS18A/TONSL/MRNIP/CCT3/TOPBP1/RAD21/PLK1/BRD3/RHNO1/TRAPPC12/MTBP/ZWILCH/SGF29/RCC2/RUVBL2/H1-5/KNTC1/H2AX/H4C3/H4C11/CHAMP1/SMC5/H4C15/H4C12/H4C6/H4C9/H4C5/H4C4/H2AC4/H4C1/H4C2",57
"GO:0045786","negative regulation of cell cycle","118/3142","283/10476",0.416961130742049,1.39022431752187,4.35578253029872,1.48862467877188e-05,0.00112379712288209,0.00108097053596973,"BAZ1B/BRCA1/SPDL1/TPR/RAD51/IPO5/TIPIN/RBL1/NDC80/CDC14B/ATRX/ORC1/WDR76/WAC/CDC5L/TELO2/TTI1/E2F1/RBBP8/SUV39H1/NAA10/NUBP1/NBN/DOT1L/TGFB1/BABAM1/TAF6/TRIM37/RNF167/PRPF19/ANAPC15/TIMELESS/FBXO5/GMNN/CCNG1/BCL6/HTRA2/ATF2/FBXO6/MAD2L2/MIIP/CDC20/CENPF/RPA2/ZWINT/CDK2/MAD2L1BP/XRCC3/EIF2AK4/TTI2/CCNB1/CLOCK/APC/TAOK3/ESPL1/BRIP1/MDC1/DNA2/BARD1/NABP2/BRCA2/MBTPS1/TP53/TIPRL/NUF2/INTS7/INTS3/FANCD2/DYNC1LI1/CTDSPL/DGKZ/INCENP/CHEK1/RAD9B/FBXO4/EME1/BABAM2/CCAR2/DONSON/BRSK1/TAOK1/MRNIP/CCNF/TOPBP1/MAD2L1/RAD21/APBB1/WEE1/PLK1/CDT1/RFWD3/BUB1/AVEN/RHNO1/MTBP/SLFN11/NABP1/ZWILCH/AURKAIP1/PTPN11/SCRIB/CHEK2/KNTC1/FOXO4/CENATAC/PABIR1/H2AX/BLM/EME2/ZNF830/GIGYF2/IPO7/TMSB4X/LCMT1/SIPA1/TREX1/ERCC6/PRKDC",118
"GO:0045839","negative regulation of mitotic nuclear division","26/3142","42/10476",0.619047619047619,2.06401745930708,4.52228195951505,1.78478868797788e-05,0.0013269633472587,0.00127639433443266,"SPDL1/TPR/NDC80/ANAPC15/FBXO5/MAD2L2/CDC20/CENPF/ZWINT/MAD2L1BP/XRCC3/CCNB1/APC/NUF2/DYNC1LI1/INCENP/CHEK1/MAD2L1/RAD21/PLK1/BUB1/MTBP/ZWILCH/AURKAIP1/KNTC1/LCMT1",26
"GO:0044773","mitotic DNA damage checkpoint signaling","35/3142","63/10476",0.555555555555556,1.85232336091661,4.44115965479341,2.00885941672969e-05,0.00147126465043173,0.00141519648462152,"BRCA1/TIPIN/CDC14B/WAC/NBN/BABAM1/CCNG1/ATF2/RPA2/CDK2/TAOK3/MDC1/MBTPS1/TP53/FANCD2/DGKZ/CHEK1/RAD9B/EME1/BABAM2/DONSON/BRSK1/TAOK1/MRNIP/TOPBP1/PLK1/RFWD3/CHEK2/FOXO4/BLM/EME2/ZNF830/GIGYF2/TREX1/PRKDC",35
"GO:0031297","replication fork processing","28/3142","47/10476",0.595744680851064,1.98632122106803,4.43563320398853,2.38165532642974e-05,0.00171864451276334,0.00165314899128652,"RECQL/BRCA1/RAD51/POLQ/NUCKS1/TIPIN/ATRX/RBBP8/NBN/PCNA/DNA2/SMARCAL1/BARD1/BRCA2/PARP1/MMS22L/EME1/DONSON/TONSL/PRIMPOL/FAM111A/RFWD3/CENPX/CENPS/TRAIP/FANCM/BLM/EME2",28
"GO:0033044","regulation of chromosome organization","91/3142","210/10476",0.433333333333333,1.44481222151496,4.26182273693636,2.43712448099133e-05,0.00173318403307601,0.00166713442757668,"CDC27/BAZ1B/NCAPD2/TACC3/SPDL1/TPR/ARID1B/RNF4/PRKCQ/XRCC1/SMARCE1/ACTB/SIRT6/XRCC5/NDC80/ATRX/CDC23/BCL7C/NAA10/MAPK3/NBN/SMARCD2/ANAPC15/PTGES3/BCL7A/FBXO5/SENP6/SMC4/INO80D/CCT4/MAD2L2/UCHL5/CDC20/CENPF/SLF2/ZWINT/CDK2/MAD2L1BP/XRCC3/POT1/GCH1/SLX1A/SLF1/CCNB1/APC/NAT10/ESPL1/CCT7/ACTL6A/SMC2/HNRNPD/CENPE/NABP2/TP53/ANAPC11/NUF2/PARP1/DYNC1LI1/CCT6A/NCAPG2/MCPH1/INCENP/CCT5/NCAPD3/FBXO4/CCT8/NSMCE2/SMC6/CCT3/MAD2L1/RAD21/PLK1/FEN1/NSMCE1/BUB1/NFRKB/EXOSC10/TRAPPC12/DCP2/ZWILCH/RMI2/RUVBL1/ANAPC2/RUVBL2/KNTC1/MCRS1/SLX4/SMC5/LCMT1/EID3/TEN1",91
"GO:0044774","mitotic DNA integrity checkpoint signaling","36/3142","66/10476",0.545454545454545,1.81864475435449,4.36668374718734,2.63973427253152e-05,0.0018504537250446,0.0017799351094784,"BRCA1/TIPIN/CDC14B/ORC1/WAC/NBN/BABAM1/CCNG1/ATF2/RPA2/CDK2/TAOK3/MDC1/MBTPS1/TP53/FANCD2/DGKZ/CHEK1/RAD9B/EME1/BABAM2/DONSON/BRSK1/TAOK1/MRNIP/TOPBP1/PLK1/RFWD3/CHEK2/FOXO4/BLM/EME2/ZNF830/GIGYF2/TREX1/PRKDC",36
"GO:0035825","homologous recombination","27/3142","45/10476",0.6,2.00050922978994,4.40224325730861,2.77802241776514e-05,0.00191996563436247,0.00184679800166922,"BRCA1/RAD51/NUCKS1/MLH1/RAD54L/CCNB1IP1/RBBP8/NBN/RAD51C/TOP2A/BRME1/BRIP1/BARD1/FANCD2/EME1/ANKLE1/TOPBP1/RAD21/CENPX/CENPS/CNTD1/FANCM/SLX4/RAD54B/EME2/MSH5/UHRF1",27
"GO:0051784","negative regulation of nuclear division","26/3142","43/10476",0.604651162790698,2.01601705327669,4.36958583421404,3.23054766664324e-05,0.00220170797225255,0.00211780347035501,"SPDL1/TPR/NDC80/ANAPC15/FBXO5/MAD2L2/CDC20/CENPF/ZWINT/MAD2L1BP/XRCC3/CCNB1/APC/NUF2/DYNC1LI1/INCENP/CHEK1/MAD2L1/RAD21/PLK1/BUB1/MTBP/ZWILCH/AURKAIP1/KNTC1/LCMT1",26
"GO:1901992","positive regulation of mitotic cell cycle phase transition","37/3142","69/10476",0.536231884057971,1.78789472227604,4.29773479804844,3.38668714954463e-05,0.00227650326613911,0.00218974840354118,"KMT2E/CDC23/CDC7/RAB11A/CCNE1/TGFB1/RAD51C/FBXO5/CDC20/CCND2/CPSF3/STIL/MAD2L1BP/HSPA2/CCNB1/CDK4/ESPL1/MDM2/RDX/TMOD3/ANAPC11/AKT1/CDCA5/LSM11/NSMCE2/DBF4B/RRM1/WNT10B/PLRG1/RRM2/MTBP/RCC2/LSM10/TFDP1/AIF1/MBLAC1/PHB2",37
"GO:1901976","regulation of cell cycle checkpoint","25/3142","41/10476",0.609756097560976,2.03303783515238,4.33782056071237,3.74367647780709e-05,0.00248246222656748,0.00238785851016885,"BRCA1/TPR/RAD51/NDC80/WDR76/TELO2/TTI1/ANAPC15/RPA2/ZWINT/MAD2L1BP/XRCC3/TTI2/CCNB1/BARD1/BRCA2/DYNC1LI1/INCENP/FBXO4/BABAM2/CCAR2/MAD2L1/RFWD3/CHEK2/LCMT1",25
"GO:0007064","mitotic sister chromatid cohesion","19/3142","28/10476",0.678571428571429,2.26248067654815,4.37821239971536,3.87040878351322e-05,0.00253227945342659,0.00243577726109099,"SMC1A/PDS5B/ATRX/NAA10/SMC3/CDC20/SLF2/NAA50/PDS5A/SGO1/MAU2/SLF1/ESCO1/CDCA5/NSMCE2/RAD21/CHTF8/BUB1/SMC5",19
"GO:0000086","G2/M transition of mitotic cell cycle","55/3142","115/10476",0.478260869565217,1.5946088063543,4.19651783947124,3.99886124535948e-05,0.00258189633302355,0.00248350329974957,"BRCA1/UBE2A/DNM2/CDC14B/ORC1/AURKA/CDC7/RBBP8/RAB11A/NBN/BABAM1/RAD51C/FOXM1/FBXO5/CCNG1/MIIP/CENPF/KHDRBS1/CDK2/USP22/HSPA2/ARPP19/CCNB1/TAOK3/CDK4/BARD1/NABP2/MBTPS1/INTS3/CALM2/CCNA2/CHEK1/BABAM2/DONSON/CALM3/BRSK1/TAOK1/MRNIP/DBF4B/TOPBP1/RAD21/WEE1/PLK1/RRM1/AVEN/WNT10B/NABP1/CCDC57/RCC2/CHEK2/FOXO4/PABIR1/BLM/ZNF830/LCMT1",55
"GO:0010569","regulation of double-strand break repair via homologous recombination","40/3142","77/10476",0.519480519480519,1.73204262319476,4.21983621961139,4.35251820146959e-05,0.00277374114475471,0.00266803713129045,"CREBBP/MBTD1/RAD51/POLQ/ACTB/SIRT6/CSNK2A1/NBN/C1QBP/TIMELESS/RNF8/MAD2L2/RPA2/EPC1/SHLD2/HELB/YEATS4/FIGNL1/EPC2/ACTL6A/ACTR2/PARP1/CHEK1/PPP4C/UBQLN4/MRNIP/VPS72/PPP4R2/CGAS/PLK1/HDGFL2/RMI2/RUVBL1/DMAP1/FANCB/RUVBL2/KMT5A/PARPBP/ERCC6/USP51",40
"GO:0010965","regulation of mitotic sister chromatid separation","27/3142","46/10476",0.58695652173913,1.95701989870755,4.25762476033928,4.81193161220694e-05,0.00293421182131241,0.00282239245905738,"SPDL1/TPR/NDC80/CDC23/ANAPC15/FBXO5/MAD2L2/CDC20/CENPF/ZWINT/MAD2L1BP/XRCC3/CCNB1/APC/ESPL1/ANAPC11/NUF2/DYNC1LI1/INCENP/NSMCE2/MAD2L1/RAD21/PLK1/BUB1/ZWILCH/KNTC1/LCMT1",27
"GO:0007062","sister chromatid cohesion","30/3142","53/10476",0.566037735849057,1.8872728582924,4.23846319141362,4.83127527296063e-05,0.00293421182131241,0.00282239245905738,"STAG3/SMC1A/PDS5B/ATRX/NAA10/SMC3/RAD51C/PPP2R5D/CDC20/SLF2/NAA50/PDS5A/SGO1/MAU2/SLF1/ESPL1/PPP2R1B/ESCO1/CDCA5/NSMCE2/SGO2/RAD21/PLK1/FEN1/CHTF8/BUB1/MCMBP/SMC5/DDX12P/PHB2",30
"GO:0033046","negative regulation of sister chromatid segregation","23/3142","37/10476",0.621621621621622,2.07259965248508,4.27778268747755,4.96310538351192e-05,0.00293421182131241,0.00282239245905738,"SPDL1/TPR/NDC80/ANAPC15/FBXO5/MAD2L2/CDC20/CENPF/ZWINT/MAD2L1BP/XRCC3/CCNB1/APC/NUF2/DYNC1LI1/INCENP/MAD2L1/RAD21/PLK1/BUB1/ZWILCH/KNTC1/LCMT1",23
"GO:0033048","negative regulation of mitotic sister chromatid segregation","23/3142","37/10476",0.621621621621622,2.07259965248508,4.27778268747755,4.96310538351192e-05,0.00293421182131241,0.00282239245905738,"SPDL1/TPR/NDC80/ANAPC15/FBXO5/MAD2L2/CDC20/CENPF/ZWINT/MAD2L1BP/XRCC3/CCNB1/APC/NUF2/DYNC1LI1/INCENP/MAD2L1/RAD21/PLK1/BUB1/ZWILCH/KNTC1/LCMT1",23
"GO:0045841","negative regulation of mitotic metaphase/anaphase transition","23/3142","37/10476",0.621621621621622,2.07259965248508,4.27778268747755,4.96310538351192e-05,0.00293421182131241,0.00282239245905738,"SPDL1/TPR/NDC80/ANAPC15/FBXO5/MAD2L2/CDC20/CENPF/ZWINT/MAD2L1BP/XRCC3/CCNB1/APC/NUF2/DYNC1LI1/INCENP/MAD2L1/RAD21/PLK1/BUB1/ZWILCH/KNTC1/LCMT1",23
"GO:2000816","negative regulation of mitotic sister chromatid separation","23/3142","37/10476",0.621621621621622,2.07259965248508,4.27778268747755,4.96310538351192e-05,0.00293421182131241,0.00282239245905738,"SPDL1/TPR/NDC80/ANAPC15/FBXO5/MAD2L2/CDC20/CENPF/ZWINT/MAD2L1BP/XRCC3/CCNB1/APC/NUF2/DYNC1LI1/INCENP/MAD2L1/RAD21/PLK1/BUB1/ZWILCH/KNTC1/LCMT1",23
"GO:0071824","protein-DNA complex organization","89/3142","209/10476",0.425837320574163,1.41981915032939,4.01257590306632,6.5230099668872e-05,0.00381052498898994,0.00366531036234614,"PIAS1/MED17/RAD51/MED29/RNF4/MCM2/SMARCE1/ATRX/SUPT16H/CABIN1/MED25/ASF1B/TAF6/RAD51C/SMARCD2/CAND1/GMNN/SENP6/DR1/CENPF/SET/ATAD2B/TAF12/CENPK/H1-3/H2BC11/MED20/MED1/MED4/ANP32B/HMGA1/TAF8/CENPO/CENPE/GTF2A2/TP53/ITGB3BP/TAF1/SSRP1/CENPH/ATAD2/H4C8/MIS18A/RBBP4/HMGB2/CENPN/CDT1/CHAF1A/CENPX/WNT10B/TRAPPC12/MED16/H2AC25/H3C13/H1-5/KNTC1/H2BC13/NAP1L2/CENPP/H2AX/HMGB1/H4C3/H3C12/H4C11/H3C4/BAZ1A/H3C14/DNAJC9/H2BC15/H4C15/H4C12/H2BC14/H2BC6/H4C6/H2BC17/H3C11/H2BC9/H4C9/H2BC3/H4C5/H4C4/H2BC7/H3C7/H2BC10/H4C1/H4C2/H3C10/H3C2/H3C3",89
"GO:0006091","generation of precursor metabolites and energy","147/3142","375/10476",0.392,1.30699936346276,3.96260311568116,6.64784473588717e-05,0.00383776166105863,0.00369150907686911,"NDUFAB1/HCCS/COX10/MDH1/DERA/PDIA5/NDUFB4/ATG2B/FECH/PFKP/PKM/PYGM/ENO1/ACAT1/SIRT6/OXCT1/FH/COMT/ATP5F1D/NDUFB7/BCL2L13/PYGB/PRPS2/PGK1/GPI/ETFB/GRB10/CHCHD2/PRKAG2/PPIF/ATP5F1B/PTGES3/GAPDH/TPI1/COX6A1/COX7A2/NNT/GNPDA1/PCDH12/DGUOK/COX7A2L/PARK7/ATP5PB/HMGCL/NDUFB3/NDUFA8/CISD1/ATP5F1E/NDUFA1/CHCHD5/COX6B1/UQCR11/POR/COX7B/KGD4/CCNB1/LDHA/BLOC1S1/COQ10A/SUCLA2/NDUFB5/KHK/PNPT1/COX17/ETFA/UQCRC2/NDUFB10/TP53/FOXK2/PFKL/AKT1/PGD/SDHC/ATG3/NDUFS6/ATG12/MTFR2/MDH2/NDUFB11/ALDOA/ATPSCKMT/DLAT/NDUFC2/SLC25A4/ATP5F1A/RPIA/SDHAF4/ATP5PF/HK1/PHKG2/NDUFV3/G6PD/FDXR/ACOX1/CHCHD4/SUCLG1/NDUFS4/UQCRQ/COX6C/NDUFB6/STOML2/ATP5F1C/NDUFB8/TMEM135/ATP5PD/COA6/PDHB/NDUFS5/ATP5ME/PRELID1/PGM2/PGAM1/PPP1CA/UQCRH/NDUFA11/MTLN/SLC35A4/COX8A/DNAJC30/TALDO1/COX5A/CYC1/DHTKD1/ZBTB20/PRKAG1/IDH2/SHMT2/UQCR10/NDUFA12/NDUFA6/NDUFA13/PPP1CC/GFPT1/MT-ND4/MT-CO3/SDHD/ARL2/TREX1/UQCRHL/ADSL/ATP5MF/ATP5PO/EIF6/IL10RB/CHCHD10/NDUFA7/SCO2",147
"GO:0007088","regulation of mitotic nuclear division","39/3142","76/10476",0.513157894736842,1.71096184126771,4.07142155686906,7.68754300134276e-05,0.00438636901251034,0.00421920964724858,"SPDL1/TPR/NDC80/AURKA/CDC23/PRMT5/ANAPC15/FBXO5/MAD2L2/CDC20/CENPF/ZWINT/MAD2L1BP/XRCC3/CCNB1/APC/ESPL1/BORA/NUSAP1/KIF20B/ANAPC11/NUF2/DYNC1LI1/MKI67/INCENP/CHEK1/NSMCE2/MAD2L1/RAD21/PLK1/BUB1/MTBP/ZWILCH/AURKAIP1/RCC1/KNTC1/L3MBTL1/LCMT1/NUP62",39
"GO:1901989","positive regulation of cell cycle phase transition","42/3142","84/10476",0.5,1.66709102482495,4.01776771796333,8.99355646222283e-05,0.00490051465346036,0.00471376180239106,"KMT2E/CDC23/CDC7/FAM83D/RAB11A/CCNE1/TGFB1/RAD51C/GLI1/FBXO5/CDC20/CCND2/CPSF3/STIL/MAD2L1BP/HSPA2/CCNB1/CDK4/ESPL1/MDM2/RDX/TMOD3/ANAPC11/AKT1/CDCA5/LSM11/NSMCE2/DBF4B/RRM1/WNT10B/PLRG1/RRM2/MTBP/ATAD5/RCC2/LSM10/CHEK2/DDRGK1/TFDP1/AIF1/MBLAC1/PHB2",42
"GO:1902100","negative regulation of metaphase/anaphase transition of cell cycle","23/3142","38/10476",0.605263157894737,2.01805755636705,4.11495544434151,9.01632782417588e-05,0.00490051465346036,0.00471376180239106,"SPDL1/TPR/NDC80/ANAPC15/FBXO5/MAD2L2/CDC20/CENPF/ZWINT/MAD2L1BP/XRCC3/CCNB1/APC/NUF2/DYNC1LI1/INCENP/MAD2L1/RAD21/PLK1/BUB1/ZWILCH/KNTC1/LCMT1",23
"GO:1905819","negative regulation of chromosome separation","23/3142","38/10476",0.605263157894737,2.01805755636705,4.11495544434151,9.01632782417588e-05,0.00490051465346036,0.00471376180239106,"SPDL1/TPR/NDC80/ANAPC15/FBXO5/MAD2L2/CDC20/CENPF/ZWINT/MAD2L1BP/XRCC3/CCNB1/APC/NUF2/DYNC1LI1/INCENP/MAD2L1/RAD21/PLK1/BUB1/ZWILCH/KNTC1/LCMT1",23
"GO:1902969","mitotic DNA replication","12/3142","15/10476",0.8,2.66734563971992,4.22955152511607,9.03358017459329e-05,0.00490051465346036,0.00471376180239106,"RTF2/RAD51/MCM2/MCM6/POLA1/MCM4/LIG1/MCM3/BCL6/BRCA2/TK1/GINS3",12
"GO:0061982","meiosis I cell cycle process","40/3142","79/10476",0.506329113924051,1.68819344286071,4.01864559466503,9.19884656781478e-05,0.00490051465346036,0.00471376180239106,"RAD51/NDC1/STAG3/MLH1/NDC80/RAD54L/AURKA/CCNB1IP1/CCNE1/RAD51C/FBXO5/MSH6/CDC20/ZWINT/CKS2/HSPA2/TOP2A/BRME1/ESPL1/BRIP1/BRCA2/P3H4/FANCD2/EME1/ANKLE1/SYCE2/PTTG1/RAD21/SUN1/PLK1/CENPX/CENPS/CNTD1/PSMD13/FANCM/SLX4/RAD54B/EME2/EHMT2/MSH5",40
"GO:0000723","telomere maintenance","67/3142","150/10476",0.446666666666667,1.48926798217696,3.95035403105393,9.24560549344659e-05,0.00490051465346036,0.00471376180239106,"RFC1/RAD51/PRKCQ/XRCC1/SIRT6/XRCC5/ATRX/APEX1/MAPK3/NBN/CCNE1/RPA3/RAD51C/GAR1/PTGES3/INO80D/CCT4/MAD2L2/UCHL5/RPA2/SLF2/SHLD2/CDK2/XRCC3/POT1/GCH1/SLX1A/PCNA/SLF1/NAT10/CCT7/ACTL6A/DNA2/SMARCAL1/HNRNPD/NABP2/BRCA2/TP53/PARP1/NHP2/CCT6A/LTO1/CCT5/FBXO4/CCT8/NSMCE2/RECQL4/SMC6/CCT3/FEN1/NSMCE1/NFRKB/EXOSC10/PPP1CA/DCP2/RUVBL1/NOP10/RUVBL2/MCRS1/SLX4/XRCC6/BLM/SMC5/ZBTB48/PRKDC/EID3/TEN1",67
"GO:0045132","meiotic chromosome segregation","29/3142","52/10476",0.557692307692308,1.85944768153552,4.06643250448915,9.28770863606712e-05,0.00490051465346036,0.00471376180239106,"NDC1/STAG3/MLH1/NDC80/AURKA/CCNB1IP1/CCNE1/FBXO5/SMC4/ACTR3/ZWINT/SGO1/ESPL1/BRIP1/SMC2/ACTR2/P3H4/NUF2/FANCD2/SYCE2/PTTG1/SUN1/DCAF13/PLK1/GOLGA2/DDB1/SKA2/EHMT2/MSH5",29
"GO:0061644","protein localization to CENP-A containing chromatin","13/3142","17/10476",0.764705882352941,2.54966862620287,4.18531233286943,0.000101621927902729,0.00530488085339031,0.00510271808192425,"H2BC11/H4C8/H4C3/H4C11/H4C15/H4C12/H4C6/H4C9/H4C5/H4C4/H2AC4/H4C1/H4C2",13
"GO:0034728","nucleosome organization","53/3142","113/10476",0.469026548672566,1.56381989939332,3.94408735944059,0.000104952130833474,0.00537719710989394,0.00517227845092712,"MCM2/SMARCE1/ATRX/SUPT16H/CABIN1/ASF1B/SMARCD2/SET/ATAD2B/H1-3/H2BC11/ANP32B/HMGA1/SSRP1/ATAD2/H4C8/RBBP4/HMGB2/CHAF1A/H2AC25/H3C13/H1-5/H2BC13/NAP1L2/H2AX/H4C3/H3C12/H4C11/H3C4/BAZ1A/H3C14/DNAJC9/H2BC15/H4C15/H4C12/H2BC14/H2BC6/H4C6/H2BC17/H3C11/H2BC9/H4C9/H2BC3/H4C5/H4C4/H2BC7/H3C7/H2BC10/H4C1/H4C2/H3C10/H3C2/H3C3",53
"GO:1901991","negative regulation of mitotic cell cycle phase transition","62/3142","137/10476",0.452554744525547,1.50889990568098,3.92430758372298,0.00010519888374767,0.00537719710989394,0.00517227845092712,"BRCA1/SPDL1/TPR/RBL1/NDC80/CDC14B/ORC1/WAC/RBBP8/NBN/BABAM1/ANAPC15/FBXO5/CCNG1/MAD2L2/MIIP/CDC20/CENPF/RPA2/ZWINT/CDK2/MAD2L1BP/XRCC3/CCNB1/APC/TAOK3/BARD1/NABP2/MBTPS1/TP53/NUF2/INTS3/DYNC1LI1/CTDSPL/DGKZ/INCENP/CHEK1/BABAM2/DONSON/BRSK1/TAOK1/MRNIP/TOPBP1/MAD2L1/RAD21/WEE1/PLK1/RFWD3/BUB1/AVEN/SLFN11/NABP1/ZWILCH/KNTC1/FOXO4/PABIR1/BLM/ZNF830/GIGYF2/LCMT1/TREX1/PRKDC",62
"GO:0044839","cell cycle G2/M phase transition","59/3142","129/10476",0.457364341085271,1.52493597619647,3.92648209953522,0.000106640154802971,0.00539467257338328,0.00518908794505178,"BRCA1/UBE2A/DNM2/NDC80/CDC14B/ORC1/AURKA/CDC7/RBBP8/RAB11A/NBN/BABAM1/RAD51C/FOXM1/FBXO5/CCNG1/MIIP/CENPF/KHDRBS1/CDK2/USP22/HSPA2/ARPP19/CCNB1/TAOK3/CDK4/BARD1/NABP2/MBTPS1/TP53/INTS3/CALM2/CCNA2/CHEK1/BABAM2/DONSON/CALM3/BRSK1/TAOK1/MRNIP/DBF4B/TOPBP1/RAD21/WEE1/PLK1/RRM1/AVEN/WNT10B/USP50/NABP1/CCDC57/ATAD5/RCC2/CHEK2/FOXO4/PABIR1/BLM/ZNF830/LCMT1",59
"GO:0015980","energy derivation by oxidation of organic compounds","112/3142","277/10476",0.404332129963899,1.34811692982234,3.84322567129371,0.000113830791147087,0.00569967032815057,0.00548246259402297,"NDUFAB1/HCCS/COX10/MDH1/NDUFB4/ATG2B/PYGM/FH/COMT/ATP5F1D/NDUFB7/BCL2L13/PYGB/ETFB/GRB10/CHCHD2/PRKAG2/PPIF/ATP5F1B/PTGES3/COX6A1/COX7A2/NNT/PCDH12/DGUOK/COX7A2L/PARK7/ATP5PB/NDUFB3/NDUFA8/CISD1/ATP5F1E/NDUFA1/CHCHD5/COX6B1/UQCR11/COX7B/KGD4/CCNB1/BLOC1S1/COQ10A/SUCLA2/NDUFB5/KHK/PNPT1/ETFA/UQCRC2/NDUFB10/TP53/AKT1/SDHC/ATG3/NDUFS6/ATG12/MTFR2/MDH2/NDUFB11/ATPSCKMT/DLAT/NDUFC2/ATP5F1A/SDHAF4/ATP5PF/PHKG2/NDUFV3/CHCHD4/SUCLG1/NDUFS4/UQCRQ/COX6C/NDUFB6/STOML2/ATP5F1C/NDUFB8/TMEM135/ATP5PD/COA6/PDHB/NDUFS5/ATP5ME/PRELID1/PGM2/PPP1CA/UQCRH/NDUFA11/MTLN/SLC35A4/COX8A/DNAJC30/COX5A/CYC1/IDH2/SHMT2/UQCR10/NDUFA12/NDUFA6/NDUFA13/PPP1CC/GFPT1/MT-ND4/MT-CO3/SDHD/ARL2/TREX1/UQCRHL/ADSL/ATP5MF/ATP5PO/IL10RB/CHCHD10/NDUFA7/SCO2",112
"GO:0007127","meiosis I","38/3142","75/10476",0.506666666666667,1.68931890515595,3.92123550587257,0.000134215960857691,0.00665250222150192,0.00639898318432628,"RAD51/NDC1/STAG3/MLH1/NDC80/RAD54L/AURKA/CCNB1IP1/CCNE1/RAD51C/FBXO5/ZWINT/CKS2/HSPA2/TOP2A/BRME1/ESPL1/BRIP1/BRCA2/P3H4/FANCD2/EME1/ANKLE1/SYCE2/PTTG1/RAD21/SUN1/PLK1/CENPX/CENPS/CNTD1/PSMD13/FANCM/SLX4/RAD54B/EME2/EHMT2/MSH5",38
"GO:0006163","purine nucleotide metabolic process","131/3142","333/10476",0.393393393393393,1.31164519070312,3.78276172983164,0.000135800359168543,0.00666372362440042,0.00640977695275524,"SARM1/AK2/NDUFAB1/MDH1/DERA/ADSS2/GNAI3/NDUFB4/PFKP/PKM/COASY/ENO1/SIRT6/ME2/ATP5F1D/NDUFB7/BCL2L13/TSPO/MTHFD1/PCK2/PRPS2/PGK1/GPI/TGFB1/IMPDH1/PRKAG2/SLC25A11/HSPA8/ATP5F1B/GAPDH/TPI1/LDHB/NNT/ATP6V1A/DGUOK/ATP5PB/NDUFB3/NDUFA8/GOT1/ATP5F1E/GOT2/NDUFA1/NT5C/PRDX5/PAICS/PPAT/MPP1/FMO5/RAN/FIGNL1/LDHA/NDUFB5/ATIC/PDE5A/NDUFB10/TP53/FOXK2/PFKL/PGD/SDHC/PARP1/NDUFS6/MDH2/NDUFB11/ATP6V1B2/AK3/ALDOA/ATPSCKMT/NDUFC2/ATP5F1A/RPIA/AK5/ATP5MC3/ATP5PF/HK1/GART/ATP5MC1/NDUFV3/G6PD/FDXR/ADCY9/BPNT1/GMPS/MTHFD2L/NDUFS4/NUDT2/NDUFB6/STOML2/NUDT5/ATP5F1C/HPRT1/NDUFB8/NUDT13/CLPX/ATP5PD/NDUFS5/ATP5ME/PGAM1/SULT1B1/PC/ATP5MK/NDUFA11/DNAJC30/TALDO1/SLC25A22/PFAS/DHTKD1/NME9/ZBTB20/PRKAG1/IDH2/NDUFA12/NDUFA6/NDUFA13/ENTPD4/NUDT16/PNP/MT-ND4/SDHD/ASPDH/PDE7A/TMSB4X/ARL2/TREX1/NME1/ADSL/ATP5MF/ATP5PO/EIF6/NME2/NDUFA7",131
"GO:0051985","negative regulation of chromosome segregation","23/3142","39/10476",0.58974358974359,1.96631249081917,3.95705155457971,0.000157662459816435,0.00761619669926537,0.00732595239872275,"SPDL1/TPR/NDC80/ANAPC15/FBXO5/MAD2L2/CDC20/CENPF/ZWINT/MAD2L1BP/XRCC3/CCNB1/APC/NUF2/DYNC1LI1/INCENP/MAD2L1/RAD21/PLK1/BUB1/ZWILCH/KNTC1/LCMT1",23
"GO:0006734","NADH metabolic process","19/3142","30/10476",0.633333333333333,2.11164863144494,3.99082613480982,0.000158315073023246,0.00761619669926537,0.00732595239872275,"MDH1/PFKP/PKM/ENO1/BCL2L13/PCK2/PGK1/SLC25A11/TPI1/GOT1/GOT2/FOXK2/PFKL/MDH2/HK1/NUDT13/PGAM1/PC/SLC25A22",19
"GO:0009117","nucleotide metabolic process","148/3142","385/10476",0.384415584415584,1.28171154116412,3.68618862448986,0.000187153710826211,0.00891614814586617,0.00857636422426907,"SARM1/AK2/NDUFAB1/MDH1/DERA/ADSS2/NTHL1/GNAI3/KARS1/NDUFB4/PFKP/PKM/COASY/ENO1/UNG/SIRT6/ME2/CAD/ATP5F1D/NDUFB7/BCL2L13/TSPO/MTHFD1/PCK2/PRPS2/PGK1/GPI/TGFB1/IMPDH1/PRKAG2/SLC25A11/HSPA8/ATP5F1B/GAPDH/TPI1/LDHB/NNT/ATP6V1A/DGUOK/PARK7/ATP5PB/NDUFB3/NDUFA8/GOT1/NT5C3A/ATP5F1E/GOT2/NDUFA1/NT5C/PRDX5/PAICS/PPAT/DUT/PUDP/MPP1/FMO5/RAN/FIGNL1/LDHA/NDUFB5/ATIC/PDE5A/NDUFB10/TP53/FOXK2/PFKL/PGD/UCK2/SDHC/PARP1/NDUFS6/MDH2/NDUFB11/ATP6V1B2/AK3/ALDOA/ATPSCKMT/NDUFC2/ATP5F1A/RPIA/AK5/ATP5MC3/ATP5PF/HK1/FCSK/GART/ATP5MC1/NDUFV3/G6PD/FDXR/ADCY9/BPNT1/GMPS/MTHFD2L/NDUFS4/NUDT2/NDUFB6/STOML2/NUDT5/ATP5F1C/HPRT1/NDUFB8/NUDT13/CLPX/RRM1/ATP5PD/DTYMK/NDUFS5/ATP5ME/PGAM1/RRM2/SULT1B1/PC/ATP5MK/NDUFA11/DNAJC30/TYMS/SHMT1/TALDO1/SLC25A22/PFAS/DCTPP1/DHTKD1/NME9/ZBTB20/PRKAG1/IDH2/NDUFA12/NDUFA6/NDUFA13/ENTPD4/NUDT16/PNP/MT-ND4/SDHD/ASPDH/PDE7A/NT5M/TMSB4X/ARL2/TREX1/NME1/ADSL/ATP5MF/ATP5PO/EIF6/NME2/NDUFA7",148
"GO:0007091","metaphase/anaphase transition of mitotic cell cycle","38/3142","76/10476",0.5,1.66709102482495,3.8201892439449,0.000191556491701955,0.00903815100751438,0.00869371770031951,"CDC27/TACC3/SPDL1/TPR/ARID1B/SMARCE1/ACTB/NDC80/CDC23/BCL7C/SMARCD2/ANAPC15/BCL7A/FBXO5/MAD2L2/CDC20/CENPF/ZWINT/MAD2L1BP/XRCC3/CCNB1/APC/ESPL1/ACTL6A/CENPE/ANAPC11/NUF2/DYNC1LI1/INCENP/NSMCE2/MAD2L1/RAD21/PLK1/BUB1/ZWILCH/ANAPC2/KNTC1/LCMT1",38
"GO:0010389","regulation of G2/M transition of mitotic cell cycle","43/3142","89/10476",0.48314606741573,1.61089694533647,3.7881532875861,0.000201777986041903,0.00942975788102493,0.00907040089635983,"BRCA1/CDC14B/ORC1/AURKA/CDC7/RBBP8/RAB11A/NBN/BABAM1/RAD51C/FBXO5/CCNG1/MIIP/CENPF/CDK2/HSPA2/CCNB1/TAOK3/CDK4/BARD1/NABP2/MBTPS1/INTS3/CHEK1/BABAM2/DONSON/BRSK1/TAOK1/MRNIP/DBF4B/TOPBP1/RAD21/WEE1/PLK1/RRM1/AVEN/WNT10B/NABP1/RCC2/FOXO4/PABIR1/BLM/ZNF830",43
"GO:0007051","spindle organization","73/3142","170/10476",0.429411764705882,1.43173699779084,3.71456799237438,0.000210089593372886,0.0095072271463466,0.00914491789907396,"POLDIP2/PKD1/TACC3/TPR/MAP4/RNF4/INTS13/SMC1A/WDR62/MLH1/SPAG5/NDC80/ATRX/CHMP5/AURKA/HAUS4/AAAS/EFHC1/MYH9/MYBL2/TUBB1/CHMP4B/RAB11A/SMC3/KPNB1/RANGRF/FBXO5/SENP6/CDC20/STMN1/GPSM2/STIL/TUBGCP3/TUBGCP6/KNSTRN/TUBG1/RAN/CCNB1/ESPL1/BORA/PPP2R1B/HAUS2/TUBGCP4/CENPE/CLTC/NUF2/HAUS6/EML3/INCENP/HAUS1/CENPH/RACGAP1/DCAF13/ABRAXAS2/PLK1/GOLGA2/DDB1/SAC3D1/TPPP/CKAP5/PDE4DIP/RCC1/CEP97/SKA2/CHEK2/DRG1/PRC1/MZT1/NUP62/HAUS5/CHMP4A/LSM14A/UHRF1",73
"GO:0051306","mitotic sister chromatid separation","27/3142","49/10476",0.551020408163265,1.83720235388872,3.84466449761794,0.000211218890618688,0.0095072271463466,0.00914491789907396,"SPDL1/TPR/NDC80/CDC23/ANAPC15/FBXO5/MAD2L2/CDC20/CENPF/ZWINT/MAD2L1BP/XRCC3/CCNB1/APC/ESPL1/ANAPC11/NUF2/DYNC1LI1/INCENP/NSMCE2/MAD2L1/RAD21/PLK1/BUB1/ZWILCH/KNTC1/LCMT1",27
"GO:0006275","regulation of DNA replication","46/3142","97/10476",0.474226804123711,1.58115849777212,3.76367710357508,0.000213053362240792,0.0095072271463466,0.00914491789907396,"JADE2/NUCKS1/MCM2/TIPIN/MCM6/ATRX/CDC7/MCM5/PTK6/NBN/MCM4/SMC3/GLI1/TIMELESS/FBXO5/MCM3/GMNN/BCL6/INO80D/UCHL5/PDS5A/CDK2/TTF1/PCNA/USP37/ACTL6A/DNA2/ESCO1/TP53/CCNA2/DBF4B/S100A11/WEE1/MCM7/CDT1/NFRKB/SLFN11/KCTD13/RUVBL1/ATAD5/ZBTB38/RUVBL2/MCRS1/BLM/BAZ1A/EHMT2",46
"GO:2000779","regulation of double-strand break repair","58/3142","129/10476",0.449612403100775,1.49908960371856,3.73315315376977,0.000214787083268879,0.0095072271463466,0.00914491789907396,"CREBBP/MBTD1/ARID1B/RAD51/POLQ/SMARCE1/ACTB/SIRT6/FH/BCL7C/CSNK2A1/NBN/C1QBP/SMARCD2/NSD2/BCL7A/FOXM1/TIMELESS/RNF8/MAD2L2/RPA2/SLF2/EPC1/SHLD2/DEK/HELB/YEATS4/POT1/FIGNL1/SLF1/EPC2/ACTL6A/ACTR2/PARP1/CHEK1/PPP4C/UBQLN4/MRNIP/VPS72/PPP4R2/CGAS/PLK1/HDGFL2/NUDT16L1/UBE2V2/RMI2/RUVBL1/UBE2N/DMAP1/FANCB/RUVBL2/KMT5A/PARPBP/SPIRE2/ERCC6/USP51/PRKDC/PPP4R3B",58
"GO:0007094","mitotic spindle assembly checkpoint signaling","21/3142","35/10476",0.6,2.00050922978994,3.88055396241947,0.000216998051842433,0.0095072271463466,0.00914491789907396,"SPDL1/TPR/NDC80/ANAPC15/MAD2L2/CDC20/CENPF/ZWINT/MAD2L1BP/XRCC3/CCNB1/APC/NUF2/DYNC1LI1/INCENP/MAD2L1/PLK1/BUB1/ZWILCH/KNTC1/LCMT1",21
"GO:0071173","spindle assembly checkpoint signaling","21/3142","35/10476",0.6,2.00050922978994,3.88055396241947,0.000216998051842433,0.0095072271463466,0.00914491789907396,"SPDL1/TPR/NDC80/ANAPC15/MAD2L2/CDC20/CENPF/ZWINT/MAD2L1BP/XRCC3/CCNB1/APC/NUF2/DYNC1LI1/INCENP/MAD2L1/PLK1/BUB1/ZWILCH/KNTC1/LCMT1",21
"GO:0071174","mitotic spindle checkpoint signaling","21/3142","35/10476",0.6,2.00050922978994,3.88055396241947,0.000216998051842433,0.0095072271463466,0.00914491789907396,"SPDL1/TPR/NDC80/ANAPC15/MAD2L2/CDC20/CENPF/ZWINT/MAD2L1BP/XRCC3/CCNB1/APC/NUF2/DYNC1LI1/INCENP/MAD2L1/PLK1/BUB1/ZWILCH/KNTC1/LCMT1",21
"GO:0045930","negative regulation of mitotic cell cycle","74/3142","173/10476",0.427745664739884,1.42618191719129,3.69952421025079,0.000220489993297407,0.00957472917796792,0.0092098475076439,"BRCA1/SPDL1/TPR/TIPIN/RBL1/NDC80/CDC14B/ORC1/WAC/RBBP8/NBN/BABAM1/ANAPC15/FBXO5/CCNG1/BCL6/ATF2/MAD2L2/MIIP/CDC20/CENPF/RPA2/ZWINT/CDK2/MAD2L1BP/XRCC3/CCNB1/APC/TAOK3/MDC1/BARD1/NABP2/MBTPS1/TP53/NUF2/INTS3/FANCD2/DYNC1LI1/CTDSPL/DGKZ/INCENP/CHEK1/RAD9B/EME1/BABAM2/DONSON/BRSK1/TAOK1/MRNIP/TOPBP1/MAD2L1/RAD21/WEE1/PLK1/RFWD3/BUB1/AVEN/MTBP/SLFN11/NABP1/ZWILCH/AURKAIP1/SCRIB/CHEK2/KNTC1/FOXO4/PABIR1/BLM/EME2/ZNF830/GIGYF2/LCMT1/TREX1/PRKDC",74
"GO:0007098","centrosome cycle","56/3142","124/10476",0.451612903225806,1.50575963532576,3.70810932331012,0.000237770073021163,0.0102345416518846,0.00984451530403411,"BRCA1/CROCC/WDR62/USP33/PCM1/DNM2/NDC80/XPO1/CHMP5/AURKA/HAUS4/RANBP1/CHMP4B/CEP76/PARD6A/NUBP1/CCP110/CEP152/TRIM37/SSX2IP/CDK2/STIL/PARD6B/XRCC3/UXT/SGO1/CEP85/NAT10/ODF2/HAUS2/POC1B/BRCA2/CEP131/PLK4/ITGB1BP2/MCPH1/CETN2/HAUS6/CHEK1/HAUS1/BRSK1/CCNF/CEP295/PLK1/GOLGA2/SAC3D1/CNTROB/CKAP5/CCDC57/PDE4DIP/FES/CENATAC/NUP62/ARL2/CCNL2/HAUS5",56
"GO:0006271","DNA strand elongation involved in DNA replication","11/3142","14/10476",0.785714285714286,2.61971446758207,3.96921637855011,0.000243511365060045,0.0103905240726056,0.00999455341811662,"POLD3/POLA1/MCM4/LIG1/MCM3/PCNA/RFC3/DNA2/RFC4/MCM7/POLE",11
"GO:0051383","kinetochore organization","13/3142","18/10476",0.722222222222222,2.4080203691916,3.91318630322458,0.000265068093917474,0.0112128373866642,0.010785529338711,"RNF4/NDC80/SENP6/SMC4/CENPF/CENPK/SMC2/CENPE/NUF2/CENPH/CENPX/TRAPPC12/KNTC1",13
"GO:0044784","metaphase/anaphase transition of cell cycle","38/3142","77/10476",0.493506493506494,1.64544049203502,3.72062101248516,0.000269946765348458,0.0112438736719375,0.0108153828676472,"CDC27/TACC3/SPDL1/TPR/ARID1B/SMARCE1/ACTB/NDC80/CDC23/BCL7C/SMARCD2/ANAPC15/BCL7A/FBXO5/MAD2L2/CDC20/CENPF/ZWINT/MAD2L1BP/XRCC3/CCNB1/APC/ESPL1/ACTL6A/CENPE/ANAPC11/NUF2/DYNC1LI1/INCENP/NSMCE2/MAD2L1/RAD21/PLK1/BUB1/ZWILCH/ANAPC2/KNTC1/LCMT1",38
"GO:0140694","membraneless organelle assembly","125/3142","320/10476",0.390625,1.30241486314449,3.59605585382233,0.00027038457169118,0.0112438736719375,0.0108153828676472,"POLDIP2/LDAF1/BRCA1/TPR/ARHGEF5/MAPK9/MRTO4/RNF4/SMC1A/WDR62/MLH1/SPAG5/XRCC5/NDC80/NOA1/CHMP5/AURKA/TNRC6A/HAUS4/CAPN3/AAAS/MYBL2/TUBB1/CHMP4B/CEP76/FMR1/CCP110/RAB11A/CEP152/SQLE/PLA2G4C/SMC3/TRIM37/KPNB1/C1QBP/PRKAR1A/RANGRF/NOP2/FBXO5/SRF/SENP6/CNOT6/CDC20/CENPF/PLS1/GPSM2/MTERF4/MRPS2/CENPK/CDK2/STIL/AGO2/CNOT1/TUBGCP3/STYXL1/TUBGCP6/TMOD2/LSM4/TNNT3/CEP85/ERAL1/NIP7/MYH11/EIF2S1/CAPRIN1/LCP1/PPP2R1B/HAUS2/TUBGCP4/TMOD3/CENPE/POC1B/PLK4/G3BP1/MSN/CETN2/HAUS6/EML3/INCENP/BICD1/HAUS1/PAN3/CENPH/OBSCN/TTN/EIF5B/RACGAP1/CCDC78/DCAF13/ABRAXAS2/CEP295/PLK1/GOLGA2/DDB1/SAC3D1/CENPX/CNTROB/LSM3/TRAPPC12/CCDC57/FLII/RRS1/EDC3/RCC1/CEP97/SKA2/NEB/CHEK2/ACTG1/KNTC1/EIF4ENIF1/DRG1/RPF2/PRC1/MZT1/E2F4/NUP62/PATL2/EIF6/HAUS5/PRKDC/CHMP4A/LSM14A/BOP1/UHRF1",125
"GO:0006270","DNA replication initiation","19/3142","31/10476",0.612903225806452,2.04353093365639,3.80839166165959,0.000294344593676038,0.012036241009736,0.0115775540179242,"POLA2/MCM2/MCM6/ORC1/MCM5/POLA1/NBN/MCM4/CCNE1/MCM3/GMNN/ORC4/CDK2/PRIM2/TOPBP1/MCM7/CDT1/GINS3/PRIM1",19
"GO:0044273","sulfur compound catabolic process","19/3142","31/10476",0.612903225806452,2.04353093365639,3.80839166165959,0.000294344593676038,0.012036241009736,0.0115775540179242,"IDS/HEXB/ACAT1/ACOT7/GGT1/MLYCD/BLMH/HYAL1/IDUA/SUCLA2/CHAC2/CBS/SUCLG1/DPEP2/NUDT8/GUSB/GLB1/HPSE/NUDT19",19
"GO:0032543","mitochondrial translation","58/3142","131/10476",0.442748091603053,1.47620273953965,3.58981396911807,0.000352378266376498,0.0142902491992519,0.0137456646057609,"MRPS10/GATB/MRPS35/MRPS24/IARS2/MRPS34/MRPL22/MTIF2/MRPL28/MRPS18A/C1QBP/MRPL51/MRPS27/MRPL3/MRPL19/MRPL37/MRPS15/DARS2/MRPS2/TSFM/AARS2/MRPS12/MRPL34/MRPL44/MRPS9/TACO1/MRPL47/MRPL15/TARS2/RARS2/MRPS28/MRPL39/GFM2/MRPL16/MRPL58/MRPL1/MRPL36/MRPL13/CHCHD1/MRPL52/MRPL57/MRPL11/MRPL48/AURKAIP1/GADD45GIP1/MRPL14/MRPS23/MRPS11/MRPS16/SHMT2/MRPL40/MRPL53/MRPL23/MRPS17/MRPL33/MRPL12/MRPS21/MRPL45",58
"GO:2000573","positive regulation of DNA biosynthetic process","24/3142","43/10476",0.558139534883721,1.86093881840925,3.702640672136,0.000363687171453362,0.0146279750026364,0.0140705200759006,"RFC2/PTGES3/RFC5/VEGFA/CCT4/PTK2B/GFER/CHTF18/POT1/GCH1/PCNA/RFC3/CCT7/HNRNPD/CCNA2/CCT6A/CCT5/FBXO4/CCT8/USP1/CCT3/RFC4/CHTF8/POLG2",24
"GO:0022616","DNA strand elongation","21/3142","36/10476",0.583333333333333,1.94493952896244,3.71718923962933,0.000374341702637227,0.0148136672164587,0.0142491357778041,"NUCKS1/POLD3/POLA1/NBN/MCM4/LIG1/MCM3/INO80D/UCHL5/POT1/PCNA/RFC3/ACTL6A/DNA2/RFC4/MCM7/NFRKB/RUVBL1/POLE/RUVBL2/MCRS1",21
"GO:0031577","spindle checkpoint signaling","21/3142","36/10476",0.583333333333333,1.94493952896244,3.71718923962933,0.000374341702637227,0.0148136672164587,0.0142491357778041,"SPDL1/TPR/NDC80/ANAPC15/MAD2L2/CDC20/CENPF/ZWINT/MAD2L1BP/XRCC3/CCNB1/APC/NUF2/DYNC1LI1/INCENP/MAD2L1/PLK1/BUB1/ZWILCH/KNTC1/LCMT1",21
"GO:0009141","nucleoside triphosphate metabolic process","92/3142","227/10476",0.405286343612335,1.35129845184049,3.50233812140945,0.000407799416538789,0.0159468645249391,0.0153391482693525,"AK2/NDUFAB1/GNAI3/NDUFB4/PFKP/PKM/ENO1/SIRT6/CAD/ATP5F1D/NDUFB7/BCL2L13/TSPO/PGK1/GPI/TGFB1/IMPDH1/PRKAG2/HSPA8/ATP5F1B/GAPDH/TPI1/ATP6V1A/DGUOK/ATP5PB/NDUFB3/NDUFA8/ATP5F1E/NDUFA1/DUT/RAN/FIGNL1/LDHA/NDUFB5/NDUFB10/FOXK2/PFKL/UCK2/SDHC/PARP1/NDUFS6/NDUFB11/ATP6V1B2/AK3/ALDOA/ATPSCKMT/NDUFC2/ATP5F1A/AK5/ATP5MC3/ATP5PF/HK1/ATP5MC1/NDUFV3/NDUFS4/NUDT2/NDUFB6/STOML2/NUDT5/ATP5F1C/NDUFB8/CLPX/ATP5PD/DTYMK/NDUFS5/ATP5ME/PGAM1/ATP5MK/NDUFA11/DNAJC30/TYMS/DCTPP1/DHTKD1/NME9/ZBTB20/PRKAG1/NDUFA12/NDUFA6/NDUFA13/ENTPD4/NUDT16/MT-ND4/SDHD/TMSB4X/ARL2/TREX1/NME1/ATP5MF/ATP5PO/EIF6/NME2/NDUFA7",92
"GO:0043648","dicarboxylic acid metabolic process","34/3142","68/10476",0.5,1.66709102482495,3.61214824331398,0.000409477263122546,0.0159468645249391,0.0153391482693525,"MDH1/GCLM/ADSS2/ALDH18A1/MTHFD2/SLC46A1/ME2/L2HGDH/FH/GGT1/PRODH/MTHFD1/PCK2/GOT1/MTHFD1L/GOT2/ACLY/KGD4/SUCLA2/MTHFS/GRHPR/KYAT3/ATIC/MDH2/SLC7A11/ALDH4A1/MTHFD2L/SLC25A32/GPT2/ACSF3/SHMT1/IDH2/SDHAF3/DHFR",34
"GO:1903241","U2-type prespliceosome assembly","16/3142","25/10476",0.64,2.13387651177594,3.71506565090561,0.000445071376850372,0.017072034012731,0.016421438871019,"SF3B2/PHF5A/HTATSF1/SF3B6/SNRPD2/SNRPB2/RBMX2/BUD13/SF3B4/SNRPG/DDX46/SNIP1/SNRPD1/SNRPE/SF3A3/SF3B3",16
"GO:0042773","ATP synthesis coupled electron transport","42/3142","89/10476",0.471910112359551,1.57343422567748,3.55584810792941,0.000448806274229122,0.017072034012731,0.016421438871019,"NDUFAB1/NDUFB4/NDUFB7/CHCHD2/COX6A1/COX7A2/DGUOK/COX7A2L/PARK7/NDUFB3/NDUFA8/NDUFA1/COX6B1/UQCR11/COX7B/CCNB1/NDUFB5/UQCRC2/NDUFB10/SDHC/NDUFS6/NDUFC2/NDUFV3/NDUFS4/UQCRQ/COX6C/NDUFB6/NDUFB8/COA6/NDUFS5/UQCRH/COX8A/COX5A/CYC1/UQCR10/NDUFA12/NDUFA6/MT-ND4/MT-CO3/SDHD/UQCRHL/NDUFA7",42
"GO:0042775","mitochondrial ATP synthesis coupled electron transport","42/3142","89/10476",0.471910112359551,1.57343422567748,3.55584810792941,0.000448806274229122,0.017072034012731,0.016421438871019,"NDUFAB1/NDUFB4/NDUFB7/CHCHD2/COX6A1/COX7A2/DGUOK/COX7A2L/PARK7/NDUFB3/NDUFA8/NDUFA1/COX6B1/UQCR11/COX7B/CCNB1/NDUFB5/UQCRC2/NDUFB10/SDHC/NDUFS6/NDUFC2/NDUFV3/NDUFS4/UQCRQ/COX6C/NDUFB6/NDUFB8/COA6/NDUFS5/UQCRH/COX8A/COX5A/CYC1/UQCR10/NDUFA12/NDUFA6/MT-ND4/MT-CO3/SDHD/UQCRHL/NDUFA7",42
"GO:0044283","small molecule biosynthetic process","140/3142","368/10476",0.380434782608696,1.26843882323638,3.43120188950607,0.000466626267007095,0.0176133468631063,0.0169421229251807,"CYP51A1/NDUFAB1/AGK/BRCA1/ELOVL5/DKK3/MSMO1/ALDH18A1/BCAT1/ELOVL1/SREBF1/HACD3/ENO1/SIRT6/ACER3/C1QTNF3/CAD/AKR1B1/SEPHS1/SPTLC1/PHGDH/ACOT7/SCD/MTAP/GGT1/MTHFD1/PCK2/TRIB3/PGK1/MLYCD/SLC39A14/GPI/BCAT2/ISYNA1/PRKAG2/KPNB1/PNPO/SLC25A11/ALOX12/COQ5/MVK/PTGES3/TPI1/LPCAT3/HSD17B8/HMGCS1/HMGCR/NR3C1/DHCR24/SCP2/PARK7/MECR/HMGCL/STK11/GOT1/MTHFD1L/EGR1/NLN/GOT2/SRD5A3/ARPP19/GAMT/OSBPL2/ACSS2/ACLY/STARD3/GCH1/COQ3/ADCK2/IMPA1/PSAT1/SUCLA2/DCAF5/ABHD2/MBTPS1/IMPA2/PGD/ENOPH1/MDH2/PSPH/EBP/NSDHL/PDSS1/HSD17B12/APIP/OXSM/GNE/CBS/PDXK/G6PD/FDPS/GFI1/ATF3/COQ8A/PMVK/MTHFD2L/DAGLB/FABP5/QNG1/MID1IP1/SPTSSA/HPRT1/PCBD1/ACAA2/MVD/SRR/TK1/DDB1/DTYMK/PGM2/NANP/ELOVL6/PGAM1/DHCR7/COQ2/ARV1/MST1/PC/PTPN2/ACSF3/SHMT1/PRKAG1/SHMT2/PYCR1/ABAT/SLC25A10/CYP2R1/INSIG1/UROS/WDR5/SDHAF3/PNP/SREBF2/HACD2/LTC4S/GSTM2/DHFR/MIF/EIF6/PPP4R3B",140
"GO:1902749","regulation of cell cycle G2/M phase transition","46/3142","100/10476",0.46,1.53372374283896,3.510032961202,0.000503005736913758,0.0188415965727924,0.0181235654826942,"BRCA1/CDC14B/ORC1/AURKA/CDC7/RBBP8/RAB11A/NBN/BABAM1/RAD51C/FBXO5/CCNG1/MIIP/CENPF/CDK2/HSPA2/CCNB1/TAOK3/CDK4/BARD1/NABP2/MBTPS1/TP53/INTS3/CHEK1/BABAM2/DONSON/BRSK1/TAOK1/MRNIP/DBF4B/TOPBP1/RAD21/WEE1/PLK1/RRM1/AVEN/WNT10B/USP50/NABP1/ATAD5/RCC2/FOXO4/PABIR1/BLM/ZNF830",46
"GO:0090329","regulation of DNA-templated DNA replication","19/3142","32/10476",0.59375,1.97967059197963,3.63271462555669,0.000521735341231454,0.0193951160562329,0.0186559909894884,"MCM2/TIPIN/MCM6/ATRX/CDC7/MCM5/NBN/MCM4/TIMELESS/FBXO5/MCM3/GMNN/BCL6/CDK2/DBF4B/MCM7/CDT1/SLFN11/BLM",19
"GO:0051225","spindle assembly","50/3142","111/10476",0.45045045045045,1.50188380614861,3.47928233787767,0.000538933054521086,0.0198837932220674,0.0191260452431543,"POLDIP2/TPR/RNF4/SMC1A/MLH1/SPAG5/NDC80/CHMP5/AURKA/HAUS4/AAAS/MYBL2/TUBB1/CHMP4B/RAB11A/SMC3/KPNB1/RANGRF/FBXO5/SENP6/CDC20/GPSM2/STIL/TUBGCP3/TUBGCP6/PPP2R1B/HAUS2/TUBGCP4/HAUS6/EML3/INCENP/HAUS1/RACGAP1/DCAF13/ABRAXAS2/PLK1/GOLGA2/DDB1/SAC3D1/RCC1/CEP97/SKA2/CHEK2/DRG1/PRC1/MZT1/HAUS5/CHMP4A/LSM14A/UHRF1",50
"GO:0031023","microtubule organizing center organization","58/3142","133/10476",0.43609022556391,1.45400420210297,3.4488323540629,0.000564678481254139,0.0206781888620452,0.0198901673993995,"BRCA1/CROCC/WDR62/USP33/PCM1/DNM2/NDC80/XPO1/CHMP5/AURKA/HAUS4/RANBP1/CHMP4B/CEP76/PARD6A/NUBP1/CCP110/CEP152/TRIM37/SSX2IP/CDK2/STIL/PARD6B/XRCC3/UXT/SGO1/CEP85/NAT10/ODF2/HAUS2/POC1B/BRCA2/CEP131/PLK4/ITGB1BP2/MCPH1/CETN2/HAUS6/CHEK1/HAUS1/BRSK1/CCDC78/CCNF/CEP295/PLK1/GOLGA2/SAC3D1/CNTROB/CKAP5/CCDC57/PDE4DIP/FES/CENATAC/E2F4/NUP62/ARL2/CCNL2/HAUS5",58
"GO:0000727","double-strand break repair via break-induced replication","9/3142","11/10476",0.818181818181818,2.72796713153174,3.75294203682707,0.000572698063375252,0.0208165140517212,0.0200232211787495,"MCM2/MCM6/CDC7/MCM5/MCM4/MCM3/GINS2/GINS4/MCM7",9
"GO:0051310","metaphase chromosome alignment","39/3142","82/10476",0.475609756097561,1.58576951141886,3.48539486283534,0.000583047580669974,0.0210368711643203,0.0202351807408991,"CENPQ/SPDL1/MLH1/SPAG5/NDC80/CHMP5/CDC23/CHMP4B/FAM83D/RAB11A/KPNB1/ECT2/TTL/CENPF/KIF18A/ZWINT/KNSTRN/SGO1/CCNB1/APC/CENPE/KIF2C/NUF2/CDCA5/EML3/INCENP/DSN1/RACGAP1/ABRAXAS2/CDT1/TRAPPC12/ZWILCH/RRS1/RCC2/SKA2/KNTC1/CHAMP1/NUP62/CHMP4A",39
"GO:0030174","regulation of DNA-templated DNA replication initiation","10/3142","13/10476",0.769230769230769,2.56475542280762,3.69487441850809,0.000645530845476817,0.0231213128376259,0.0222401867930699,"MCM2/MCM6/MCM5/NBN/MCM4/MCM3/GMNN/CDK2/MCM7/CDT1",10
"GO:0030071","regulation of mitotic metaphase/anaphase transition","35/3142","72/10476",0.486111111111111,1.62078294080204,3.45951727638999,0.000663574731230309,0.0235953710590371,0.0226961792130946,"SPDL1/TPR/ARID1B/SMARCE1/ACTB/NDC80/CDC23/BCL7C/SMARCD2/ANAPC15/BCL7A/FBXO5/MAD2L2/CDC20/CENPF/ZWINT/MAD2L1BP/XRCC3/CCNB1/APC/ESPL1/ACTL6A/CENPE/ANAPC11/NUF2/DYNC1LI1/INCENP/NSMCE2/MAD2L1/RAD21/PLK1/BUB1/ZWILCH/KNTC1/LCMT1",35
"GO:0009199","ribonucleoside triphosphate metabolic process","86/3142","213/10476",0.403755868544601,1.34619556934221,3.34105631587275,0.000712793066136571,0.025163133636922,0.0242041962026231,"AK2/NDUFAB1/GNAI3/NDUFB4/PFKP/PKM/ENO1/SIRT6/CAD/ATP5F1D/NDUFB7/BCL2L13/TSPO/PGK1/GPI/TGFB1/IMPDH1/PRKAG2/HSPA8/ATP5F1B/GAPDH/TPI1/ATP6V1A/ATP5PB/NDUFB3/NDUFA8/ATP5F1E/NDUFA1/RAN/FIGNL1/LDHA/NDUFB5/NDUFB10/FOXK2/PFKL/UCK2/SDHC/PARP1/NDUFS6/NDUFB11/ATP6V1B2/AK3/ALDOA/ATPSCKMT/NDUFC2/ATP5F1A/AK5/ATP5MC3/ATP5PF/HK1/ATP5MC1/NDUFV3/NDUFS4/NUDT2/NDUFB6/STOML2/NUDT5/ATP5F1C/NDUFB8/CLPX/ATP5PD/NDUFS5/ATP5ME/PGAM1/ATP5MK/NDUFA11/DNAJC30/DHTKD1/NME9/ZBTB20/PRKAG1/NDUFA12/NDUFA6/NDUFA13/ENTPD4/MT-ND4/SDHD/TMSB4X/ARL2/TREX1/NME1/ATP5MF/ATP5PO/EIF6/NME2/NDUFA7",86
"GO:2001251","negative regulation of chromosome organization","39/3142","83/10476",0.469879518072289,1.56666385465477,3.39237416729062,0.000785440548163436,0.0274278529024588,0.0263826096799686,"BAZ1B/SPDL1/TPR/XRCC1/NDC80/ATRX/NAA10/NBN/ANAPC15/FBXO5/MAD2L2/CDC20/CENPF/ZWINT/MAD2L1BP/XRCC3/POT1/SLX1A/CCNB1/APC/NAT10/ESPL1/TP53/NUF2/PARP1/DYNC1LI1/INCENP/MAD2L1/RAD21/PLK1/BUB1/EXOSC10/DCP2/ZWILCH/KNTC1/MCRS1/SLX4/LCMT1/TEN1",39
"GO:0046034","ATP metabolic process","76/3142","185/10476",0.410810810810811,1.36971803120753,3.32075901381514,0.000788124568829569,0.0274278529024588,0.0263826096799686,"AK2/NDUFAB1/NDUFB4/PFKP/PKM/ENO1/SIRT6/ATP5F1D/NDUFB7/BCL2L13/TSPO/PGK1/GPI/TGFB1/PRKAG2/HSPA8/ATP5F1B/GAPDH/TPI1/ATP6V1A/ATP5PB/NDUFB3/NDUFA8/ATP5F1E/NDUFA1/FIGNL1/LDHA/NDUFB5/NDUFB10/FOXK2/PFKL/SDHC/PARP1/NDUFS6/NDUFB11/ATP6V1B2/ALDOA/ATPSCKMT/NDUFC2/ATP5F1A/AK5/ATP5MC3/ATP5PF/HK1/ATP5MC1/NDUFV3/NDUFS4/NUDT2/NDUFB6/STOML2/NUDT5/ATP5F1C/NDUFB8/CLPX/ATP5PD/NDUFS5/ATP5ME/PGAM1/ATP5MK/NDUFA11/DNAJC30/DHTKD1/ZBTB20/PRKAG1/NDUFA12/NDUFA6/NDUFA13/MT-ND4/SDHD/TMSB4X/ARL2/TREX1/ATP5MF/ATP5PO/EIF6/NDUFA7",76
"GO:0050000","chromosome localization","43/3142","94/10476",0.457446808510638,1.52521093760581,3.34785646304247,0.000870676624973699,0.0300873957658165,0.0289408004920835,"CENPQ/SPDL1/MLH1/SPAG5/NDC80/CHMP5/CDC23/CHMP4B/FAM83D/RAB11A/KPNB1/ECT2/TTL/ACTR3/CENPF/KIF18A/ZWINT/KNSTRN/SGO1/CCNB1/APC/ACTR2/CENPE/KATNB1/KIF2C/NUF2/CDCA5/EML3/INCENP/DSN1/RACGAP1/SUN1/ABRAXAS2/CDT1/TRAPPC12/ZWILCH/RRS1/RCC2/SKA2/KNTC1/CHAMP1/NUP62/CHMP4A",43
"GO:0051054","positive regulation of DNA metabolic process","98/3142","249/10476",0.393574297188755,1.31224835689032,3.26388884984486,0.000886005222176133,0.0304029903861419,0.0292443681725269,"CREBBP/MBTD1/BRCA1/RFC2/ARID1B/TMEM161A/PRKCQ/XRCC1/SMARCE1/TBX21/ACTB/MLH1/SIRT6/ATRX/BAX/FH/CDC7/BCL7C/PTK6/MAPK3/NBN/ERCC2/TGFB1/BABAM1/SMARCD2/NSD2/PTGES3/BCL7A/GLI1/FOXM1/RFC5/TIMELESS/RNF8/VEGFA/INO80D/CCT4/MAD2L2/UCHL5/SLF2/EPC1/PTK2B/SHLD2/PMS2/CDK2/YEATS4/GFER/CHTF18/POT1/GCH1/SLX1A/PCNA/RFC3/SLF1/CCT7/EPC2/ACTL6A/ACTR2/DNA2/HNRNPD/NABP2/IGF1R/AKT1/PARP1/CCNA2/CCT6A/CCT5/FBXO4/CCT8/BABAM2/CCDC117/MRNIP/DBF4B/USP1/VPS72/CCT3/RFC4/WEE1/CDT1/HDGFL2/CHTF8/UBE2V2/NFRKB/KCTD13/RUVBL1/ATAD5/UBE2N/DMAP1/FANCB/RUVBL2/MCRS1/H2AX/SLX4/HMGB1/BAZ1A/SPIRE2/ERCC6/PRKDC/POLG2",98
"GO:1902099","regulation of metaphase/anaphase transition of cell cycle","35/3142","73/10476",0.479452054794521,1.59858043476365,3.35903324017675,0.000911410719369527,0.031057586110738,0.0298740180237789,"SPDL1/TPR/ARID1B/SMARCE1/ACTB/NDC80/CDC23/BCL7C/SMARCD2/ANAPC15/BCL7A/FBXO5/MAD2L2/CDC20/CENPF/ZWINT/MAD2L1BP/XRCC3/CCNB1/APC/ESPL1/ACTL6A/CENPE/ANAPC11/NUF2/DYNC1LI1/INCENP/NSMCE2/MAD2L1/RAD21/PLK1/BUB1/ZWILCH/KNTC1/LCMT1",35
"GO:0009205","purine ribonucleoside triphosphate metabolic process","83/3142","206/10476",0.402912621359223,1.34338402971331,3.25790288787271,0.000942083999573732,0.0317528357281741,0.0305427724958186,"AK2/NDUFAB1/GNAI3/NDUFB4/PFKP/PKM/ENO1/SIRT6/ATP5F1D/NDUFB7/BCL2L13/TSPO/PGK1/GPI/TGFB1/IMPDH1/PRKAG2/HSPA8/ATP5F1B/GAPDH/TPI1/ATP6V1A/ATP5PB/NDUFB3/NDUFA8/ATP5F1E/NDUFA1/RAN/FIGNL1/LDHA/NDUFB5/NDUFB10/FOXK2/PFKL/SDHC/PARP1/NDUFS6/NDUFB11/ATP6V1B2/AK3/ALDOA/ATPSCKMT/NDUFC2/ATP5F1A/AK5/ATP5MC3/ATP5PF/HK1/ATP5MC1/NDUFV3/NDUFS4/NUDT2/NDUFB6/STOML2/NUDT5/ATP5F1C/NDUFB8/CLPX/ATP5PD/NDUFS5/ATP5ME/PGAM1/ATP5MK/NDUFA11/DNAJC30/DHTKD1/NME9/ZBTB20/PRKAG1/NDUFA12/NDUFA6/NDUFA13/MT-ND4/SDHD/TMSB4X/ARL2/TREX1/NME1/ATP5MF/ATP5PO/EIF6/NME2/NDUFA7",83
"GO:0009150","purine ribonucleotide metabolic process","103/3142","264/10476",0.390151515151515,1.30083617846189,3.24030787968207,0.000944755250929981,0.0317528357281741,0.0305427724958186,"AK2/NDUFAB1/ADSS2/GNAI3/NDUFB4/PFKP/PKM/COASY/ENO1/SIRT6/ATP5F1D/NDUFB7/BCL2L13/TSPO/MTHFD1/PGK1/GPI/TGFB1/IMPDH1/PRKAG2/HSPA8/ATP5F1B/GAPDH/TPI1/ATP6V1A/ATP5PB/NDUFB3/NDUFA8/ATP5F1E/NDUFA1/NT5C/PAICS/PPAT/MPP1/RAN/FIGNL1/LDHA/NDUFB5/ATIC/PDE5A/NDUFB10/FOXK2/PFKL/SDHC/PARP1/NDUFS6/NDUFB11/ATP6V1B2/AK3/ALDOA/ATPSCKMT/NDUFC2/ATP5F1A/AK5/ATP5MC3/ATP5PF/HK1/GART/ATP5MC1/NDUFV3/ADCY9/BPNT1/GMPS/NDUFS4/NUDT2/NDUFB6/STOML2/NUDT5/ATP5F1C/HPRT1/NDUFB8/CLPX/ATP5PD/NDUFS5/ATP5ME/PGAM1/SULT1B1/ATP5MK/NDUFA11/DNAJC30/PFAS/DHTKD1/NME9/ZBTB20/PRKAG1/NDUFA12/NDUFA6/NDUFA13/ENTPD4/PNP/MT-ND4/SDHD/PDE7A/TMSB4X/ARL2/TREX1/NME1/ADSL/ATP5MF/ATP5PO/EIF6/NME2/NDUFA7",103
"GO:0006303","double-strand break repair via nonhomologous end joining","33/3142","68/10476",0.485294117647059,1.61805893585951,3.34665048149205,0.000970653043972409,0.0324013230392695,0.0311665467180256,"POLQ/XRCC1/MLH1/XRCC5/FH/POLA1/NBN/NSD2/PRPF19/RNF8/PSMD14/MAD2L2/SHLD2/POLM/DEK/POT1/SMARCAL1/XRCC4/MRNIP/TOPBP1/HMGB2/POLL/PLK1/NUDT16L1/RHNO1/KDM2A/NHEJ1/HMGB1/XRCC6/ERCC6/USP51/PRKDC/PAXX",33
"GO:0006520","amino acid metabolic process","78/3142","192/10476",0.40625,1.35451145767027,3.24496121037663,0.000998184354172358,0.0330952069319173,0.0318339875114428,"GCLM/ADSS2/ALDH18A1/GATB/BCAT1/KARS1/IARS2/ACAT1/CAD/SEPHS1/FH/PHGDH/MTAP/GGT1/PRODH/GCAT/MTHFD1/GSS/SMS/FAH/IL4I1/ETFB/BCAT2/HIBADH/BLMH/TARS1/RARS1/DARS1/PARK7/AGMAT/HMGCL/DARS2/GOT1/PEPD/AARS2/GOT2/ECHS1/MCCC2/RIDA/NARS1/YARS1/CARS2/PSAT1/MTHFS/EPRS1/BPHL/VARS2/KYAT3/WARS1/ETFA/AZIN2/TARS2/AMT/ENOPH1/MMUT/RARS2/PSPH/APIP/SLC7A11/ALDH4A1/CBS/ASRGL1/MTHFD2L/GPT2/PCBD1/SRR/MECP2/QARS1/SHMT1/PFAS/FARSA/SHMT2/PYCR1/ABAT/ACADSB/IARS1/ACY1/BCKDHA",78
"GO:0033045","regulation of sister chromatid segregation","39/3142","84/10476",0.464285714285714,1.54801309448031,3.30058303602862,0.0010472875452689,0.03426026656423,0.0329546480911281,"CDC27/TACC3/SPDL1/TPR/ARID1B/SMARCE1/ACTB/NDC80/CDC23/BCL7C/SMARCD2/ANAPC15/BCL7A/FBXO5/MAD2L2/CDC20/CENPF/ZWINT/MAD2L1BP/XRCC3/CCNB1/APC/ESPL1/ACTL6A/CENPE/ANAPC11/NUF2/DYNC1LI1/INCENP/NSMCE2/MAD2L1/RAD21/PLK1/BUB1/ZWILCH/RMI2/ANAPC2/KNTC1/LCMT1",39
"GO:0051783","regulation of nuclear division","39/3142","84/10476",0.464285714285714,1.54801309448031,3.30058303602862,0.0010472875452689,0.03426026656423,0.0329546480911281,"SPDL1/TPR/NDC80/AURKA/CDC23/PRMT5/ANAPC15/FBXO5/MAD2L2/CDC20/CENPF/ZWINT/MAD2L1BP/XRCC3/CCNB1/APC/ESPL1/BORA/NUSAP1/KIF20B/ANAPC11/NUF2/DYNC1LI1/MKI67/INCENP/CHEK1/NSMCE2/MAD2L1/RAD21/PLK1/BUB1/MTBP/ZWILCH/AURKAIP1/RCC1/KNTC1/L3MBTL1/LCMT1/NUP62",39
"GO:0033047","regulation of mitotic sister chromatid segregation","23/3142","43/10476",0.534883720930233,1.78339970097553,3.36916809109698,0.00106814061556488,0.0347110331164031,0.0333882364600413,"SPDL1/TPR/NDC80/ANAPC15/FBXO5/MAD2L2/CDC20/CENPF/ZWINT/MAD2L1BP/XRCC3/CCNB1/APC/NUF2/DYNC1LI1/INCENP/MAD2L1/RAD21/PLK1/BUB1/ZWILCH/KNTC1/LCMT1",23
"GO:0009144","purine nucleoside triphosphate metabolic process","85/3142","213/10476",0.39906103286385,1.3305421324894,3.18998848400654,0.00116202026498409,0.0375133778965587,0.0360837871758217,"AK2/NDUFAB1/GNAI3/NDUFB4/PFKP/PKM/ENO1/SIRT6/ATP5F1D/NDUFB7/BCL2L13/TSPO/PGK1/GPI/TGFB1/IMPDH1/PRKAG2/HSPA8/ATP5F1B/GAPDH/TPI1/ATP6V1A/DGUOK/ATP5PB/NDUFB3/NDUFA8/ATP5F1E/NDUFA1/RAN/FIGNL1/LDHA/NDUFB5/NDUFB10/FOXK2/PFKL/SDHC/PARP1/NDUFS6/NDUFB11/ATP6V1B2/AK3/ALDOA/ATPSCKMT/NDUFC2/ATP5F1A/AK5/ATP5MC3/ATP5PF/HK1/ATP5MC1/NDUFV3/NDUFS4/NUDT2/NDUFB6/STOML2/NUDT5/ATP5F1C/NDUFB8/CLPX/ATP5PD/NDUFS5/ATP5ME/PGAM1/ATP5MK/NDUFA11/DNAJC30/DHTKD1/NME9/ZBTB20/PRKAG1/NDUFA12/NDUFA6/NDUFA13/NUDT16/MT-ND4/SDHD/TMSB4X/ARL2/TREX1/NME1/ATP5MF/ATP5PO/EIF6/NME2/NDUFA7",85
"GO:0007052","mitotic spindle organization","48/3142","109/10476",0.440366972477064,1.4682636548917,3.21652405478027,0.00126132013607967,0.0404529275015878,0.0389113140019348,"POLDIP2/PKD1/TACC3/TPR/MAP4/INTS13/SMC1A/WDR62/NDC80/CHMP5/AURKA/AAAS/EFHC1/MYBL2/CHMP4B/RAB11A/SMC3/KPNB1/RANGRF/CDC20/STMN1/GPSM2/STIL/TUBG1/RAN/CCNB1/BORA/CENPE/CLTC/NUF2/EML3/INCENP/CENPH/RACGAP1/ABRAXAS2/PLK1/GOLGA2/CKAP5/RCC1/CEP97/CHEK2/DRG1/PRC1/MZT1/NUP62/CHMP4A/LSM14A/UHRF1",48
"GO:0010212","response to ionizing radiation","53/3142","123/10476",0.430894308943089,1.43668007017435,3.18854443411977,0.00133172170873609,0.0424334962647274,0.040816405618405,"BRCA1/BAK1/RAD51/KARS1/NUCKS1/XRCC5/RAD54L/BAX/TGFB1/BABAM1/TMEM109/RNF8/ECT2/STK11/CCND2/EGR1/ELK1/FIGNL1/CLOCK/MDM2/BARD1/NABP2/BRCA2/TP53/INTS7/INTS3/PARP1/FANCD2/RAD9B/FBXO4/XRCC4/BABAM2/MRNIP/IFI16/TOPBP1/XRRA1/RRM1/RFWD3/MECP2/BCL2L1/RHNO1/NABP1/NET1/CHEK2/CYP2R1/NHEJ1/H2AX/XRCC6/RAD54B/BLM/TREX1/ERCC6/PRKDC",53
"GO:0006694","steroid biosynthetic process","42/3142","93/10476",0.451612903225806,1.50575963532576,3.20651935689178,0.00136095092025262,0.0430850720366427,0.0414431506038218,"CYP51A1/DKK3/MSMO1/SREBF1/AKR1B1/TSPO/SQLE/PRKAG2/KPNB1/MVK/LPCAT3/HSD17B8/HMGCS1/HMGCR/NR3C1/DHCR24/SCP2/EGR1/MED1/SRD5A3/ACLY/STARD3/ERG28/HINT2/IGF1R/MBTPS1/EBP/NSDHL/HSD17B12/CYB5R1/G6PD/FDPS/FDXR/GFI1/PMVK/ACAA2/MVD/DHCR7/ARV1/CYP2R1/INSIG1/SREBF2",42
"GO:0022904","respiratory electron transport chain","46/3142","104/10476",0.442307692307692,1.47473436811438,3.18453291677016,0.00141084808304206,0.0439212401130012,0.0422474532980163,"NDUFAB1/HCCS/NDUFB4/NDUFB7/ETFB/CHCHD2/COX6A1/COX7A2/DGUOK/COX7A2L/PARK7/NDUFB3/NDUFA8/NDUFA1/COX6B1/UQCR11/COX7B/CCNB1/NDUFB5/ETFA/UQCRC2/NDUFB10/SDHC/NDUFS6/NDUFC2/NDUFV3/NDUFS4/UQCRQ/COX6C/NDUFB6/NDUFB8/COA6/NDUFS5/UQCRH/COX8A/COX5A/CYC1/UQCR10/NDUFA12/NDUFA6/MT-ND4/MT-CO3/SDHD/UQCRHL/NDUFA7/SCO2",46
"GO:0097421","liver regeneration","12/3142","18/10476",0.666666666666667,2.22278803309994,3.39838647761954,0.00141321213614309,0.0439212401130012,0.0422474532980163,"CSNK2A2/AURKA/PRMT5/TGFB1/GLI1/GFER/PCNA/SRSF1/PNPT1/GUCD1/TYMS/PTCH1",12
"GO:1902600","proton transmembrane transport","59/3142","140/10476",0.421428571428571,1.40511957806675,3.15849833690908,0.00141421559768783,0.0439212401130012,0.0422474532980163,"NDUFB4/SLC46A1/SLC9A1/ATP5F1D/NDUFB7/ATP1A3/PPIF/SLC11A2/ATP5F1B/NNT/ATP6V1A/COX7A2L/ATP5PB/NDUFB3/NDUFA8/ATP5F1E/NDUFA1/COX6B1/ATP6V1F/ATP6V1E1/COX7B/NDUFB5/ATP6V1G1/COX17/NDUFB10/NDUFS6/SLC18B1/ATP6V1B2/NDUFC2/SLC25A4/ATP5F1A/ATP5MC3/ATP5PF/ATP5MC1/NDUFV3/SLC9B2/NDUFS4/NDUFB6/ATP5F1C/NDUFB8/ATP5PD/NDUFS5/LETM1/ATP5ME/UQCRH/COX8A/SLC25A22/COX5A/CYC1/UQCR10/NDUFA12/NDUFA6/MT-ND4/MT-CO3/PHB2/ATP5MF/ATP5PO/COA8/NDUFA7",59
"GO:0030261","chromosome condensation","19/3142","34/10476",0.558823529411765,1.86321938068671,3.2997303389349,0.00144790051763592,0.0446845776103111,0.0429817009008902,"BAZ1B/NCAPD2/KDM4A/SMC4/H1-3/TOP2A/SMC2/NUSAP1/CDCA5/NCAPG2/MCPH1/NCAPD3/TTN/AIFM1/PLK1/DFFB/KMT5A/H1-5/SMC5",19
"GO:0051303","establishment of chromosome localization","40/3142","88/10476",0.454545454545455,1.51553729529541,3.17866754508137,0.00150632904330083,0.0461972288467324,0.0444367067773745,"CENPQ/SPDL1/MLH1/SPAG5/NDC80/CHMP5/CDC23/CHMP4B/FAM83D/RAB11A/KPNB1/ECT2/TTL/CENPF/KIF18A/ZWINT/KNSTRN/SGO1/CCNB1/APC/CENPE/KIF2C/NUF2/CDCA5/EML3/INCENP/DSN1/RACGAP1/SUN1/ABRAXAS2/CDT1/TRAPPC12/ZWILCH/RRS1/RCC2/SKA2/KNTC1/CHAMP1/NUP62/CHMP4A",40
"GO:0000212","meiotic spindle organization","11/3142","16/10476",0.6875,2.29225015913431,3.38571499316317,0.00155021488901016,0.046956200372672,0.0451667547909134,"NDC80/ATRX/AURKA/MYH9/FBXO5/TUBG1/ESPL1/DCAF13/GOLGA2/DDB1/SKA2",11
"GO:0046653","tetrahydrofolate metabolic process","11/3142","16/10476",0.6875,2.29225015913431,3.38571499316317,0.00155021488901016,0.046956200372672,0.0451667547909134,"MTHFD2/MTHFD1/MTHFD1L/GCH1/MTHFS/ATIC/MTHFD2L/TYMS/SHMT1/SHMT2/DHFR",11
"GO:0036297","interstrand cross-link repair","21/3142","39/10476",0.538461538461538,1.79532879596533,3.2568729871314,0.00156160574389077,0.047011039173448,0.0452195037494752,"RAD51/NUCKS1/FANCE/RNF8/FANCL/HROB/MCM8/XRCC3/FAAP24/XPA/FANCI/FANCD2/EXO5/RFWD3/CENPX/CENPS/FANCB/ERCC6L2/FANCA/FANCM/FANCG",21
"GO:1903490","positive regulation of mitotic cytokinesis","8/3142","10/10476",0.8,2.66734563971992,3.45258934790864,0.00157954664138746,0.0472611912761481,0.045460122849688,"POLDIP2/RAB11FIP3/RAB11A/ECT2/KIF20B/INCENP/ARF6/NUP62",8
"GO:0044818","mitotic G2/M transition checkpoint","25/3142","49/10476",0.510204081632653,1.70111329063771,3.21970592271072,0.00160605901524196,0.0477632217441956,0.0459430215269214,"BRCA1/CDC14B/ORC1/RBBP8/NBN/BABAM1/CCNG1/TAOK3/BARD1/NABP2/MBTPS1/INTS3/CHEK1/BABAM2/DONSON/BRSK1/TAOK1/MRNIP/TOPBP1/PLK1/NABP1/FOXO4/PABIR1/BLM/ZNF830",25
"GO:0000076","DNA replication checkpoint signaling","10/3142","14/10476",0.714285714285714,2.38155860689279,3.38559984500964,0.00165057954651874,0.0484993642800448,0.0466511105363382,"TIPIN/ORC1/TIMELESS/MDC1/DNA2/RAD9B/DONSON/TOPBP1/CDT1/ZNF830",10
"GO:1901978","positive regulation of cell cycle checkpoint","10/3142","14/10476",0.714285714285714,2.38155860689279,3.38559984500964,0.00165057954651874,0.0484993642800448,0.0466511105363382,"TPR/NDC80/TELO2/TTI1/XRCC3/TTI2/DYNC1LI1/INCENP/CCAR2/MAD2L1",10
"GO:0031571","mitotic G1 DNA damage checkpoint signaling","9/3142","12/10476",0.75,2.50063653723743,3.40429296450108,0.00167829124312976,0.0490200900597485,0.0471519920688838,"WAC/RPA2/CDK2/TP53/DGKZ/RFWD3/GIGYF2/TREX1/PRKDC",9
